--
-- Tabellenstruktur für Tabelle `agenda`
--

CREATE TABLE `agenda` (
  `id` int(4) UNSIGNED NOT NULL,
  `start` date NOT NULL,
  `ende` date DEFAULT NULL,
  `name` varchar(100) NOT NULL,
  `ort` varchar(100) NOT NULL,
  `auftritt` varchar(100) DEFAULT NULL,
  `link` varchar(255) DEFAULT NULL,
  `highlight` tinyint(1) NOT NULL DEFAULT '0',
  `ordnung` int(4) UNSIGNED NOT NULL DEFAULT '5'
) ENGINE=InnoDB DEFAULT CHARSET=latin1;

--
-- Daten für Tabelle `agenda`
--

INSERT INTO `agenda` (`id`, `start`, `ende`, `name`, `ort`, `auftritt`, `link`, `highlight`, `ordnung`) VALUES
(1, '2015-09-05', '2015-09-06', 'Herbstreise', '???', '', '', 0, 5),
(2, '2015-09-25', NULL, 'OV', 'Schlierbach', '', '', 0, 5),
(3, '2015-10-07', NULL, '1. Probe', 'Schlierbach', '20:15', '', 0, 5),
(4, '2015-11-21', NULL, 'Crazyparty', 'Kulmerau', '', '', 0, 5),
(5, '2015-11-28', '2015-11-29', 'Probeweekend', 'Schlierbach', '', '', 0, 5),
(6, '2016-01-02', NULL, 'Fasnachtseröffnung', 'Schlierbach', '', '', 0, 5),
(7, '2016-01-09', NULL, 'Joggeler-Nacht', 'Neudorf', '', '', 0, 5),
(8, '2016-01-16', NULL, 'Tereter Nächt', 'St. Erhard', '', '', 0, 5),
(9, '2016-01-22', '2016-01-24', 'Hahnenkamm-Rennen', 'Kitzbühel', '', '', 0, 5),
(10, '2016-01-30', NULL, 'Kinderfasnacht', 'MZH Schlierbach', '', '', 1, 5),
(11, '2016-01-30', NULL, 'aBARtig', 'Triengen', '', '', 0, 7),
(12, '2016-02-03', NULL, 'Rammlerball', 'MZH Schlierbach', '20:00', '', 1, 5),
(13, '2016-02-04', NULL, 'Schmudo Fäscht', 'Winikon', '', '', 0, 5),
(14, '2016-02-05', NULL, 'Narrenball', 'Schötz', '', '', 0, 5),
(15, '2016-02-06', NULL, 'Fläcke Fasnacht', 'Beromünster', '', '', 0, 3),
(16, '2016-02-06', NULL, 'Zunftball', 'Schlierbach', '', '', 0, 5),
(17, '2016-02-07', NULL, 'Rammlerstöbli', 'Oberdorf Schlierbach', '02:00', '', 1, 5),
(18, '2016-02-07', NULL, 'Umzug', 'Schlierbach', '', '', 0, 7),
(19, '2016-02-08', NULL, 'Easyball', 'Geuensee', '', '', 0, 5),
(20, '2016-02-09', NULL, 'Umzug / Uslompete', 'Triengen', '', '', 0, 5),
(21, '2016-05-14', '2016-05-16', 'Jubireise', '???', NULL, NULL, 0, 5),
(22, '2016-04-23', NULL, 'GV', 'Rest. Wetzwil', NULL, NULL, 0, 5),
(23, '2016-07-31', NULL, '1. Augustfeier', 'Schlierbach', NULL, NULL, 0, 5),
(24, '2016-09-03', '2016-09-04', 'Herbstreise', '???', NULL, NULL, 0, 5),
(27, '2016-07-09', '2016-07-10', 'Dorf- und Grümpelturnier', 'Schlierbach', NULL, NULL, 0, 5),
(28, '2016-10-05', NULL, '1. Probe', 'Schlierbach', NULL, NULL, 0, 5),
(29, '2016-12-03', '2016-12-04', 'Probeweekend', 'Schlierbach', NULL, NULL, 0, 5),
(30, '2017-02-18', NULL, 'Kinderfasnacht', 'MZH Schlierbach', NULL, NULL, 1, 3),
(31, '2017-02-22', NULL, 'Rammlerball', 'MZH Schlierbach', NULL, NULL, 1, 5),
(32, '2017-02-26', NULL, 'Rammlerstöbli', 'Schlierbach', NULL, NULL, 1, 5),
(33, '2016-06-26', NULL, 'Rammler-Bräteln', 'Schlierbach', NULL, NULL, 0, 5),
(34, '2016-09-23', NULL, 'OV', 'Restaurant Panorama, Schlierbach', '18:30 Uhr', NULL, 0, 5),
(35, '2016-11-05', NULL, 'Fasnachtseröffnung', 'Hildisrieden', NULL, NULL, 0, 5),
(36, '2017-01-07', NULL, 'Fasnachtseröffnung', 'Schlierbach', NULL, NULL, 0, 5),
(37, '2017-01-14', NULL, 'Näburuuggers Monster', 'Mosen', NULL, NULL, 0, 5),
(38, '2017-01-21', NULL, 'All-Ball', 'Schlierbach', NULL, NULL, 0, 5),
(39, '2017-01-28', NULL, 'RememberMe', 'Eich', NULL, NULL, 0, 5),
(40, '2017-02-04', NULL, 'Suuger-Ball', 'Triengen', NULL, NULL, 0, 5),
(41, '2017-02-11', NULL, 'BTS Ball', 'Schwarzenbach', NULL, NULL, 0, 5),
(42, '2017-02-18', NULL, 'GuuggerNight', 'Sursee', NULL, NULL, 0, 5),
(43, '2017-02-23', NULL, 'SchmuDo', 'Sempach', NULL, NULL, 0, 5),
(44, '2017-02-24', NULL, 'Narrenball', 'Schötz', NULL, NULL, 0, 5),
(45, '2017-02-27', NULL, 'Easyball', 'Geuensee', NULL, NULL, 0, 5),
(46, '2017-02-28', NULL, 'Umzug / Uslompete', 'Triengen', NULL, NULL, 0, 5),
(48, '2017-02-25', NULL, 'Städtlifasnacht', 'Sursee', NULL, NULL, 0, 3),
(49, '2017-02-25', NULL, 'Zunftball', 'Schlierbach', NULL, NULL, 0, 5),
(50, '2017-02-26', NULL, 'Umzug', 'Schlierbach', NULL, NULL, 0, 7),
(51, '2017-04-22', NULL, 'GV', 'Rest. Panorama', NULL, NULL, 0, 5),
(52, '2017-06-25', NULL, 'Rammler-Bräteln', 'MZH Schlierbach', NULL, NULL, 0, 5),
(53, '2017-09-02', '2017-09-03', 'Herbstreise', '???', NULL, NULL, 0, 5),
(54, '2017-09-23', NULL, 'Herbstversammlung (OV)', '', NULL, NULL, 0, 5),
(55, '2017-10-04', NULL, '1. Probe', 'MZH Schlierbach', NULL, NULL, 0, 5),
(56, '2017-12-02', '2017-12-03', 'Probeweekend', 'Schlierbach', NULL, NULL, 0, 5),
(57, '2017-11-25', NULL, 'Grunzerparty', 'Ebersecken', NULL, NULL, 0, 5),
(58, '2018-01-06', NULL, 'Fasnachtseröffnung', 'Schlierbach', NULL, NULL, 0, 5),
(59, '2018-01-13', '2018-01-14', 'Weekend', 'Saas-Fee', NULL, NULL, 0, 5),
(60, '2018-01-20', NULL, 'All-Ball', 'Schlierbach', NULL, NULL, 0, 5),
(61, '2018-01-21', NULL, 'Verwünschter Sonntag', 'Büron', NULL, NULL, 0, 5),
(62, '2018-01-26', NULL, 'Suugerball', 'Triengen', NULL, NULL, 0, 5),
(63, '2018-01-27', NULL, 'BTS-Ball', 'Schwarzenbach', NULL, NULL, 0, 5),
(64, '2018-02-03', NULL, 'QQT-Ball', 'Triengen', NULL, NULL, 0, 5),
(65, '2018-02-03', NULL, 'Kinderfasnacht', 'Schlierbach', NULL, NULL, 1, 3),
(67, '2018-02-07', NULL, 'Rammlerball', 'Schlierbach', NULL, NULL, 1, 5),
(68, '2018-02-08', NULL, 'Schmudo-Fäscht', 'Winikon', NULL, NULL, 0, 5),
(69, '2018-02-09', NULL, 'Oelibrönnerball', 'Gunzwil', NULL, NULL, 0, 5),
(70, '2018-02-10', NULL, 'Fläckefasnacht', 'Beromünster', NULL, NULL, 0, 5),
(71, '2018-02-10', NULL, 'Zunftball', 'Schlierbach', NULL, NULL, 0, 7),
(72, '2018-02-11', NULL, 'Rammlerstöbli', 'Schlierbach', NULL, NULL, 1, 3),
(73, '2018-02-11', NULL, 'Umzug', 'Schlierbach', NULL, NULL, 0, 5),
(74, '2018-02-12', NULL, 'Easyball', 'Geuensee', NULL, NULL, 0, 5),
(75, '2018-02-13', NULL, 'Umzug/Uslompete', 'Triengen', NULL, NULL, 0, 5);

-- --------------------------------------------------------

--
-- Tabellenstruktur für Tabelle `bild`
--

CREATE TABLE `bild` (
  `id` int(4) UNSIGNED NOT NULL,
  `name` varchar(100) NOT NULL,
  `datum` datetime DEFAULT NULL,
  `contenttype` varchar(20) DEFAULT 'image/jpg',
  `fk_galerie` int(4) UNSIGNED NOT NULL
) ENGINE=InnoDB DEFAULT CHARSET=latin1;

--
-- Daten für Tabelle `bild`
--

INSERT INTO `bild` (`id`, `name`, `datum`, `contenttype`, `fk_galerie`) VALUES
(1, 'img_8389', '2015-11-06 19:54:06', 'image/jpg', 1),
(2, 'img_8390', '2015-11-06 19:54:24', 'image/jpg', 1),
(3, 'img_8392', '2015-11-06 19:55:15', 'image/jpg', 1),
(4, 'img_8395', '2015-11-06 20:31:24', 'image/jpg', 1),
(5, 'img_8396', '2015-11-06 20:31:38', 'image/jpg', 1),
(6, 'img_8397', '2015-11-06 20:31:48', 'image/jpg', 1),
(7, 'img_8398', '2015-11-06 20:32:05', 'image/jpg', 1),
(8, 'img_8402', '2015-11-06 20:32:35', 'image/jpg', 1),
(9, 'img_8405', '2015-11-06 20:33:19', 'image/jpg', 1),
(10, 'img_8406', '2015-11-06 20:33:37', 'image/jpg', 1),
(11, 'img_8410', '2015-11-06 20:34:35', 'image/jpg', 1),
(12, 'img_8413', '2015-11-06 20:35:28', 'image/jpg', 1),
(13, 'img_8415', '2015-11-06 20:37:54', 'image/jpg', 1),
(14, 'img_8418', '2015-11-06 20:38:53', 'image/jpg', 1),
(15, 'img_8419', '2015-11-06 20:39:21', 'image/jpg', 1),
(16, 'img_8420', '2015-11-06 20:39:35', 'image/jpg', 1),
(17, 'img_8424', '2015-11-06 20:40:36', 'image/jpg', 1),
(18, 'img_8425', '2015-11-06 20:42:06', 'image/jpg', 1),
(19, 'img_8426', '2015-11-06 20:42:19', 'image/jpg', 1),
(20, 'img_8428', '2015-11-06 20:42:30', 'image/jpg', 1),
(21, 'img_8430', '2015-11-06 20:43:04', 'image/jpg', 1),
(22, 'img_8431', '2015-11-06 20:43:23', 'image/jpg', 1),
(23, 'img_8433', '2015-11-06 20:43:58', 'image/jpg', 1),
(24, 'img_8435', '2015-11-06 20:44:08', 'image/jpg', 1),
(25, 'img_8437', '2015-11-06 20:44:23', 'image/jpg', 1),
(26, 'img_8440', '2015-11-06 20:46:06', 'image/jpg', 1),
(27, 'img_8443', '2015-11-06 20:47:01', 'image/jpg', 1),
(28, 'img_8452', '2015-11-06 21:17:19', 'image/jpg', 1),
(29, 'img_8457', '2015-11-06 21:18:24', 'image/jpg', 1),
(30, 'img_8458', '2015-11-06 21:18:50', 'image/jpg', 1),
(31, 'img_8459', '2015-11-06 21:19:06', 'image/jpg', 1),
(32, 'img_8460', '2015-11-06 21:19:17', 'image/jpg', 1),
(33, 'img_8462', '2015-11-06 21:20:14', 'image/jpg', 1),
(34, 'img_8464', '2015-11-06 21:20:33', 'image/jpg', 1),
(35, 'img_8466', '2015-11-06 21:20:47', 'image/jpg', 1),
(36, 'img_8474', '2015-11-06 22:03:21', 'image/jpg', 1),
(37, 'img_8476', '2015-11-06 22:07:19', 'image/jpg', 1),
(38, 'img_8477', '2015-11-06 22:07:33', 'image/jpg', 1),
(39, 'img_8479', '2015-11-06 22:08:52', 'image/jpg', 1),
(40, 'img_8481', '2015-11-06 22:09:04', 'image/jpg', 1),
(41, 'img_8482', '2015-11-06 22:09:07', 'image/jpg', 1),
(42, 'img_8486', '2015-11-06 22:17:11', 'image/jpg', 1),
(43, 'img_8492', '2015-11-06 22:29:43', 'image/jpg', 1),
(44, 'img_8493', '2015-11-06 22:29:45', 'image/jpg', 1),
(45, 'img_8500', '2015-11-06 22:42:16', 'image/jpg', 1),
(46, 'img_8506', '2015-11-06 23:02:29', 'image/jpg', 1),
(47, 'img_8507', '2015-11-06 23:02:32', 'image/jpg', 1),
(48, 'img_8510', '2015-11-06 23:05:29', 'image/jpg', 1),
(49, 'img_8512', '2015-11-06 23:05:36', 'image/jpg', 1),
(50, 'img_8513', '2015-11-06 23:05:39', 'image/jpg', 1),
(51, 'img_8518', '2015-11-06 23:05:49', 'image/jpg', 1),
(52, 'img_8524', '2015-11-06 23:06:18', 'image/jpg', 1),
(53, 'img_8527', '2015-11-06 23:06:30', 'image/jpg', 1),
(54, 'img_8533', '2015-11-06 23:09:19', 'image/jpg', 1),
(55, 'img_8535', '2015-11-06 23:09:36', 'image/jpg', 1),
(56, 'img_8537', '2015-11-06 23:10:28', 'image/jpg', 1),
(57, 'img_8538', '2015-11-06 23:10:30', 'image/jpg', 1),
(58, 'img_8540', '2015-11-06 23:10:32', 'image/jpg', 1),
(59, 'img_8560', '2015-11-06 23:16:14', 'image/jpg', 1),
(60, 'img_8574', '2015-11-06 23:26:37', 'image/jpg', 1),
(61, 'img_8575', '2015-11-06 23:26:39', 'image/jpg', 1),
(62, 'img_8577', '2015-11-06 23:28:34', 'image/jpg', 1),
(63, 'img_8589', '2015-11-06 23:32:50', 'image/jpg', 1),
(64, 'img_8602', '2015-11-06 23:47:24', 'image/jpg', 1),
(65, 'img_8610', '2015-11-06 23:48:59', 'image/jpg', 1),
(66, 'img_8611', '2015-11-06 23:49:04', 'image/jpg', 1),
(67, 'img_8616', '2015-11-06 23:50:31', 'image/jpg', 1),
(68, 'img_8622', '2015-11-06 23:56:46', 'image/jpg', 1),
(69, 'img_8626', '2015-11-06 23:57:36', 'image/jpg', 1),
(70, 'img_8629', '2015-11-06 23:58:04', 'image/jpg', 1),
(71, 'img_8630', '2015-11-06 23:58:12', 'image/jpg', 1),
(72, 'img_8632', '2015-11-06 23:58:35', 'image/jpg', 1),
(73, 'img_8635', '2015-11-06 23:58:59', 'image/jpg', 1),
(74, 'img_8638', '2015-11-07 00:00:26', 'image/jpg', 1),
(75, 'img_8641', '2015-11-07 00:01:02', 'image/jpg', 1),
(76, 'img_8650', '2015-11-07 00:01:18', 'image/jpg', 1),
(77, 'cimg5786', '2016-01-09 23:05:22', 'image/jpg', 2),
(78, 'cimg5778', '2016-01-09 23:03:19', 'image/jpg', 2),
(79, 'cimg5782', '2016-01-09 23:04:04', 'image/jpg', 2),
(80, 'cimg5806', '2016-01-09 23:11:18', 'image/jpg', 2),
(81, 'cimg5841', '2016-01-09 23:34:45', 'image/jpg', 2),
(82, 'cimg5823', '2016-01-09 23:24:22', 'image/jpg', 2),
(83, 'cimg5784', '2016-01-09 23:04:15', 'image/jpg', 2),
(84, 'cimg5862', '2016-01-10 02:32:31', 'image/jpg', 2),
(85, 'cimg5772', '2016-01-09 23:02:49', 'image/jpg', 2),
(86, 'cimg5785', '2016-01-09 23:04:35', 'image/jpg', 2),
(87, 'cimg5780', '2016-01-09 23:03:37', 'image/jpg', 2),
(88, 'cimg5773', '2016-01-09 23:02:53', 'image/jpg', 2),
(89, 'cimg5809', '2016-01-09 23:13:07', 'image/jpg', 2),
(90, 'cimg5819', '2016-01-09 23:21:57', 'image/jpg', 2),
(91, 'cimg5789', '2016-01-09 23:06:27', 'image/jpg', 2),
(92, 'cimg5797', '2016-01-09 23:07:56', 'image/jpg', 2),
(93, 'cimg5796', '2016-01-09 23:07:42', 'image/jpg', 2),
(94, 'cimg5811', '2016-01-09 23:13:47', 'image/jpg', 2),
(95, 'cimg5804', '2016-01-09 23:10:41', 'image/jpg', 2),
(96, 'cimg5801', '2016-01-09 23:08:34', 'image/jpg', 2),
(97, 'cimg5812', '2016-01-09 23:14:43', 'image/jpg', 2),
(98, 'cimg5850', '2016-01-10 02:28:43', 'image/jpg', 2),
(99, 'cimg5822', '2016-01-09 23:22:55', 'image/jpg', 2),
(100, 'cimg5817', '2016-01-09 23:21:28', 'image/jpg', 2),
(101, 'cimg5830', '2016-01-09 23:25:55', 'image/jpg', 2),
(102, 'cimg5834', '2016-01-09 23:29:03', 'image/jpg', 2),
(103, 'cimg5824', '2016-01-09 23:24:51', 'image/jpg', 2),
(104, 'cimg5815', '2016-01-09 23:20:59', 'image/jpg', 2),
(105, 'cimg5774', '2016-01-09 23:02:58', 'image/jpg', 2),
(106, 'cimg5863', '2016-01-10 02:33:00', 'image/jpg', 2),
(107, 'cimg5781', '2016-01-09 23:03:45', 'image/jpg', 2),
(108, 'cimg5792', '2016-01-09 23:06:58', 'image/jpg', 2),
(109, 'cimg5852', '2016-01-10 02:28:58', 'image/jpg', 2),
(110, 'cimg5878', '2016-01-10 02:43:29', 'image/jpg', 2),
(111, 'cimg5838', '2016-01-09 23:31:32', 'image/jpg', 2),
(112, 'cimg5799', '2016-01-09 23:08:11', 'image/jpg', 2),
(113, 'cimg5869', '2016-01-10 02:35:31', 'image/jpg', 2),
(114, 'cimg5844', '2016-01-09 23:35:12', 'image/jpg', 2),
(115, 'cimg5884', '2016-01-10 03:12:15', 'image/jpg', 2),
(116, 'cimg5794', '2016-01-09 23:07:20', 'image/jpg', 2),
(117, 'cimg5868', '2016-01-10 02:34:43', 'image/jpg', 2),
(118, 'cimg5821', '2016-01-09 23:22:28', 'image/jpg', 2),
(119, 'cimg5835', '2016-01-09 23:29:20', 'image/jpg', 2),
(120, 'cimg5808', '2016-01-09 23:12:19', 'image/jpg', 2),
(121, 'cimg5871', '2016-01-10 02:36:23', 'image/jpg', 2),
(122, 'cimg5813', '2016-01-09 23:15:05', 'image/jpg', 2),
(123, 'cimg5814', '2016-01-09 23:18:52', 'image/jpg', 2),
(124, 'cimg5832', '2016-01-09 23:26:28', 'image/jpg', 2),
(125, 'cimg5837', '2016-01-09 23:30:52', 'image/jpg', 2),
(126, 'cimg5867', '2016-01-10 02:34:34', 'image/jpg', 2),
(127, 'cimg5853', '2016-01-10 02:29:08', 'image/jpg', 2),
(128, 'cimg5880', '2016-01-10 02:43:55', 'image/jpg', 2),
(129, 'cimg5854', '2016-01-10 02:29:17', 'image/jpg', 2),
(130, 'cimg5795', '2016-01-09 23:07:26', 'image/jpg', 2),
(131, 'cimg5855', '2016-01-10 02:29:23', 'image/jpg', 2),
(132, 'cimg5820', '2016-01-09 23:22:24', 'image/jpg', 2),
(133, 'cimg5836', '2016-01-09 23:30:24', 'image/jpg', 2),
(134, 'cimg5882', '2016-01-10 03:04:53', 'image/jpg', 2),
(135, '20160116_210630', '2016-01-16 21:06:30', 'image/jpg', 0),
(136, '20160116_201148', '2016-01-16 20:11:47', 'image/jpg', 3),
(137, '20160116_202853', '2016-01-16 20:28:52', 'image/jpg', 3),
(138, '20160116_201236', '2016-01-16 20:12:35', 'image/jpg', 3),
(139, '20160116_201220', '2016-01-16 20:12:19', 'image/jpg', 3),
(140, '20160116_210856', '2016-01-16 21:08:56', 'image/jpg', 3),
(141, '20160116_210616', '2016-01-16 21:06:15', 'image/jpg', 3),
(142, '20160116_202824', '2016-01-16 20:28:24', 'image/jpg', 3),
(143, '20160116_210624', '2016-01-16 21:06:23', 'image/jpg', 3),
(144, '20160116_233331', '2016-01-16 23:33:30', 'image/jpg', 3),
(145, '20160117_004827', '2016-01-17 00:48:26', 'image/jpg', 3),
(146, '20160117_004847', '2016-01-17 00:48:46', 'image/jpg', 3),
(147, '20160116_210555', '2016-01-16 21:05:54', 'image/jpg', 3),
(148, '20160116_210636', '2016-01-16 21:06:36', 'image/jpg', 3),
(149, '20160116_201323', '2016-01-16 20:13:23', 'image/jpg', 3),
(150, '20160117_004939', '2016-01-17 00:49:39', 'image/jpg', 3),
(151, '20160117_004909', '2016-01-17 00:49:08', 'image/jpg', 3),
(152, '20160116_202907', '2016-01-16 20:29:06', 'image/jpg', 3),
(153, '20160116_203012', '2016-01-16 20:30:12', 'image/jpg', 3),
(154, '20160116_202803', '2016-01-16 20:28:02', 'image/jpg', 3),
(155, '20160116_215533', '2016-01-16 21:55:32', 'image/jpg', 3),
(156, '20160116_233427', '2016-01-16 23:34:26', 'image/jpg', 3),
(157, '20160116_201358', '2016-01-16 20:13:57', 'image/jpg', 3),
(158, '20160117_004842', '2016-01-17 00:48:41', 'image/jpg', 3),
(159, '20160116_210648', '2016-01-16 21:06:47', 'image/jpg', 3),
(160, '20160116_210724', '2016-01-16 21:07:24', 'image/jpg', 3),
(161, '20160116_215320', '2016-01-16 21:53:19', 'image/jpg', 3),
(162, '20160117_014101', '2016-01-17 01:41:01', 'image/jpg', 3),
(163, '20160116_215331', '2016-01-16 21:53:30', 'image/jpg', 3),
(164, '20160116_233352', '2016-01-16 23:33:51', 'image/jpg', 3),
(165, '20160117_005123', '2016-01-17 00:51:22', 'image/jpg', 3),
(166, '20160116_202925', '2016-01-16 20:29:24', 'image/jpg', 3),
(167, '20160117_013623', '2016-01-17 01:36:22', 'image/jpg', 3),
(168, '20160116_215324', '2016-01-16 21:53:23', 'image/jpg', 3),
(169, '20160116_210814', '2016-01-16 21:08:14', 'image/jpg', 3),
(170, '20160117_013602', '2016-01-17 01:36:02', 'image/jpg', 3),
(171, '20160117_005103', '2016-01-17 00:51:02', 'image/jpg', 3),
(172, '20160116_201336', '2016-01-16 20:13:35', 'image/jpg', 3),
(173, '20160116_215357', '2016-01-16 21:53:56', 'image/jpg', 3),
(174, '20160116_210704', '2016-01-16 21:07:04', 'image/jpg', 3),
(175, '20160116_210711', '2016-01-16 21:07:10', 'image/jpg', 3),
(176, '20160116_233414', '2016-01-16 23:34:13', 'image/jpg', 3),
(177, '20160117_013843', '2016-01-17 01:38:43', 'image/jpg', 3),
(178, '20160117_013723', '2016-01-17 01:37:22', 'image/jpg', 3),
(179, '20160117_013701', '2016-01-17 01:37:00', 'image/jpg', 3),
(180, '20160116_215526', '2016-01-16 21:55:25', 'image/jpg', 3),
(181, '20160117_013737', '2016-01-17 01:37:36', 'image/jpg', 3),
(182, '20160116_210600', '2016-01-16 21:06:00', 'image/jpg', 3),
(183, '20160117_013556', '2016-01-17 01:35:55', 'image/jpg', 3),
(184, '20160117_013907', '2016-01-17 01:39:06', 'image/jpg', 3),
(185, '20160117_010655', '2016-01-17 01:06:54', 'image/jpg', 3),
(186, '20160117_004947', '2016-01-17 00:49:46', 'image/jpg', 3),
(187, '20160117_013609', '2016-01-17 01:36:09', 'image/jpg', 0),
(188, '20160117_013642', '2016-01-17 01:36:42', 'image/jpg', 3),
(189, 'cimg5894', '2016-01-22 09:48:18', 'image/jpg', 4),
(190, 'cimg5900', '2016-01-22 10:13:31', 'image/jpg', 4),
(191, 'cimg5910', '2016-01-22 10:55:08', 'image/jpg', 4),
(192, 'cimg5902', '2016-01-22 10:18:07', 'image/jpg', 4),
(193, 'cimg5932', '2016-01-22 12:02:38', 'image/jpg', 4),
(194, 'cimg5906', '2016-01-22 10:43:46', 'image/jpg', 4),
(195, 'cimg5934', '2016-01-22 12:53:05', 'image/jpg', 4),
(196, 'cimg5920', '2016-01-22 10:59:27', 'image/jpg', 4),
(197, 'cimg5899', '2016-01-22 09:49:58', 'image/jpg', 4),
(198, 'cimg5914', '2016-01-22 10:56:25', 'image/jpg', 4),
(199, 'cimg5935', '2016-01-22 12:56:13', 'image/jpg', 4),
(200, 'cimg5936', '2016-01-22 12:56:32', 'image/jpg', 4),
(201, 'cimg5937', '2016-01-22 12:57:17', 'image/jpg', 4),
(202, 'cimg5939', '2016-01-22 12:59:17', 'image/jpg', 4),
(203, 'cimg5938', '2016-01-22 12:57:25', 'image/jpg', 4),
(204, 'cimg5952', '2016-01-22 13:11:14', 'image/jpg', 4),
(205, 'cimg5961', '2016-01-22 13:13:07', 'image/jpg', 4),
(206, 'cimg5944', '2016-01-22 13:05:58', 'image/jpg', 4),
(207, 'cimg6001', '2016-01-22 14:10:30', 'image/jpg', 4),
(208, 'cimg5941', '2016-01-22 13:05:44', 'image/jpg', 4),
(209, 'cimg6012', '2016-01-23 11:26:53', 'image/jpg', 4),
(210, 'cimg5945', '2016-01-22 13:06:06', 'image/jpg', 4),
(211, 'cimg6002', '2016-01-22 14:10:34', 'image/jpg', 4),
(212, 'cimg6009', '2016-01-23 11:26:27', 'image/jpg', 4),
(213, 'cimg5959', '2016-01-22 13:12:19', 'image/jpg', 4),
(214, 'cimg5953', '2016-01-22 13:11:19', 'image/jpg', 4),
(215, 'cimg6008', '2016-01-23 11:26:19', 'image/jpg', 4),
(216, 'cimg6011', '2016-01-23 11:26:46', 'image/jpg', 4),
(217, 'cimg6014', '2016-01-23 11:27:10', 'image/jpg', 4),
(218, 'cimg6005', '2016-01-23 07:57:24', 'image/jpg', 4),
(219, 'cimg5993', '2016-01-22 14:09:10', 'image/jpg', 4),
(220, 'cimg6023', '2016-01-23 11:28:51', 'image/jpg', 4),
(221, 'cimg5996', '2016-01-22 14:09:31', 'image/jpg', 4),
(222, 'cimg6017', '2016-01-23 11:27:40', 'image/jpg', 4),
(223, 'cimg6015', '2016-01-23 11:27:19', 'image/jpg', 4),
(224, 'cimg6024', '2016-01-23 11:29:07', 'image/jpg', 4),
(225, 'cimg6010', '2016-01-23 11:26:32', 'image/jpg', 4),
(226, 'cimg6018', '2016-01-23 11:27:47', 'image/jpg', 4),
(227, 'cimg6025', '2016-01-23 11:29:14', 'image/jpg', 4),
(228, 'cimg5998', '2016-01-22 14:09:48', 'image/jpg', 4),
(229, 'cimg5999', '2016-01-22 14:09:54', 'image/jpg', 4),
(230, 'cimg6028', '2016-01-23 11:59:24', 'image/jpg', 4),
(231, 'cimg6013', '2016-01-23 11:27:00', 'image/jpg', 4),
(232, 'cimg5963', '2016-01-22 13:13:34', 'image/jpg', 4),
(233, 'cimg6037', '2016-01-23 12:06:33', 'image/jpg', 4),
(234, 'cimg6032', '2016-01-23 12:01:43', 'image/jpg', 4),
(235, 'cimg5964', '2016-01-22 13:13:52', 'image/jpg', 4),
(236, 'cimg6036', '2016-01-23 12:05:39', 'image/jpg', 4),
(237, 'cimg6038', '2016-01-23 12:50:57', 'image/jpg', 4),
(238, 'cimg6040', '2016-01-23 12:59:23', 'image/jpg', 4),
(239, 'cimg5966', '2016-01-22 13:15:06', 'image/jpg', 4),
(240, 'cimg6070', '2016-01-24 00:25:59', 'image/jpg', 4),
(241, 'cimg5962', '2016-01-22 13:13:26', 'image/jpg', 4),
(242, 'cimg5967', '2016-01-22 13:15:19', 'image/jpg', 4),
(243, 'cimg5968', '2016-01-22 13:16:03', 'image/jpg', 4),
(244, 'cimg6016', '2016-01-23 11:27:29', 'image/jpg', 4),
(245, 'cimg6004', '2016-01-22 15:02:18', 'image/jpg', 4),
(246, 'cimg6007', '2016-01-23 11:26:13', 'image/jpg', 4),
(247, 'cimg6043', '2016-01-23 16:04:41', 'image/jpg', 4),
(248, 'cimg5971', '2016-01-22 13:21:09', 'image/jpg', 4),
(249, 'cimg5970', '2016-01-22 13:17:54', 'image/jpg', 4),
(250, 'cimg5972', '2016-01-22 13:27:47', 'image/jpg', 4),
(251, 'cimg5904', '2016-01-22 10:39:14', 'image/jpg', 4),
(252, 'cimg6045', '2016-01-23 16:05:09', 'image/jpg', 4),
(253, 'cimg6047', '2016-01-23 16:05:44', 'image/jpg', 4),
(254, 'cimg6049', '2016-01-23 16:05:59', 'image/jpg', 4),
(255, 'cimg6050', '2016-01-23 16:06:07', 'image/jpg', 4),
(256, 'cimg6000', '2016-01-22 14:10:18', 'image/jpg', 4),
(257, 'cimg5929', '2016-01-22 11:16:42', 'image/jpg', 4),
(258, 'cimg6055', '2016-01-23 19:44:06', 'image/jpg', 4),
(259, 'cimg6063', '2016-01-23 19:47:26', 'image/jpg', 4),
(260, 'cimg6064', '2016-01-23 21:53:52', 'image/jpg', 4),
(261, 'cimg5975', '2016-01-22 13:29:03', 'image/jpg', 4),
(262, 'cimg5976', '2016-01-22 13:29:17', 'image/jpg', 4),
(263, 'cimg5983', '2016-01-22 13:45:27', 'image/jpg', 4),
(264, 'cimg6027', '2016-01-23 11:58:15', 'image/jpg', 4),
(265, 'cimg5978', '2016-01-22 13:33:28', 'image/jpg', 4),
(266, 'cimg5985', '2016-01-22 13:46:21', 'image/jpg', 4),
(267, 'cimg5989', '2016-01-22 14:08:49', 'image/jpg', 4),
(268, 'cimg5974', '2016-01-22 13:28:19', 'image/jpg', 4),
(269, 'cimg6019', '2016-01-23 11:27:52', 'image/jpg', 4),
(270, 'cimg6021', '2016-01-23 11:28:09', 'image/jpg', 4),
(271, 'cimg5980', '2016-01-22 13:43:35', 'image/jpg', 4),
(272, 'cimg5982', '2016-01-22 13:43:56', 'image/jpg', 4),
(273, 'cimg5992', '2016-01-22 14:09:04', 'image/jpg', 4),
(274, 'cimg5995', '2016-01-22 14:09:21', 'image/jpg', 4),
(275, 'cimg6026', '2016-01-23 11:57:38', 'image/jpg', 4),
(276, 'cimg6030', '2016-01-23 12:00:53', 'image/jpg', 4),
(277, 'cimg6034', '2016-01-23 12:02:27', 'image/jpg', 4),
(278, 'cimg5991', '2016-01-22 14:08:59', 'image/jpg', 4),
(279, 'cimg6031', '2016-01-23 12:01:15', 'image/jpg', 4),
(280, 'cimg5997', '2016-01-22 14:09:43', 'image/jpg', 4),
(281, 'cimg6029', '2016-01-23 11:59:48', 'image/jpg', 4),
(282, 'cimg5973', '2016-01-22 13:28:05', 'image/jpg', 4),
(283, 'cimg6035', '2016-01-23 12:03:14', 'image/jpg', 4),
(284, 'cimg6044', '2016-01-23 16:05:01', 'image/jpg', 4),
(285, 'cimg6039', '2016-01-23 12:59:01', 'image/jpg', 4),
(286, 'cimg5986', '2016-01-22 14:08:35', 'image/jpg', 4),
(287, 'cimg6042', '2016-01-23 16:04:22', 'image/jpg', 4),
(288, '20160129_070011', '2016-01-29 07:00:10', 'image/jpg', 5),
(289, '20160129_094416', '2016-01-29 09:44:15', 'image/jpg', 5),
(290, '20160129_065051', '2016-01-29 06:50:50', 'image/jpg', 5),
(291, '20160129_070034', '2016-01-29 07:00:33', 'image/jpg', 5),
(292, '20160129_065046', '2016-01-29 06:50:45', 'image/jpg', 5),
(293, '20160129_065041', '2016-01-29 06:50:39', 'image/jpg', 5),
(294, '20160129_094440', '2016-01-29 09:44:39', 'image/jpg', 5),
(295, '20160129_070021', '2016-01-29 07:00:20', 'image/jpg', 5),
(296, '20160129_070045', '2016-01-29 07:00:44', 'image/jpg', 5),
(297, '20160129_134156', '2016-01-29 13:41:56', 'image/jpg', 5),
(298, '20160129_070015', '2016-01-29 07:00:14', 'image/jpg', 5),
(299, '20160129_102504', '2016-01-29 10:25:04', 'image/jpg', 5),
(300, '20160129_094432', '2016-01-29 09:44:31', 'image/jpg', 5),
(301, '20160129_094428', '2016-01-29 09:44:27', 'image/jpg', 5),
(302, '20160129_134833', '2016-01-29 13:48:32', 'image/jpg', 5),
(303, '20160129_070025', '2016-01-29 07:00:25', 'image/jpg', 5),
(304, '20160129_134829', '2016-01-29 13:48:28', 'image/jpg', 5),
(305, '20160129_162733', '2016-01-29 16:27:32', 'image/jpg', 6),
(306, '20160129_174537', '2016-01-29 17:45:36', 'image/jpg', 6),
(307, '20160129_190147', '2016-01-29 19:01:46', 'image/jpg', 6),
(308, '20160129_163714', '2016-01-29 16:37:14', 'image/jpg', 6),
(309, '20160129_180407', '2016-01-29 18:04:06', 'image/jpg', 6),
(310, '20160129_174542', '2016-01-29 17:45:41', 'image/jpg', 6),
(311, '20160129_185814', '2016-01-29 18:58:13', 'image/jpg', 6),
(312, '20160129_203622', '2016-01-29 20:36:21', 'image/jpg', 6),
(313, 'cimg6085', '2016-01-30 22:15:04', 'image/jpg', 6),
(314, '20160129_180355', '2016-01-29 18:03:54', 'image/jpg', 6),
(315, '20160129_174549', '2016-01-29 17:45:48', 'image/jpg', 6),
(316, 'cimg6074', '2016-01-30 21:20:47', 'image/jpg', 6),
(317, '20160129_174557', '2016-01-29 17:45:57', 'image/jpg', 6),
(318, '20160129_180932', '2016-01-29 18:09:32', 'image/jpg', 6),
(319, 'cimg6083', '2016-01-30 21:45:04', 'image/jpg', 6),
(320, '20160129_174620', '2016-01-29 17:46:19', 'image/jpg', 6),
(321, '20160129_183113', '2016-01-29 18:31:12', 'image/jpg', 6),
(322, '20160129_190326', '2016-01-29 19:03:26', 'image/jpg', 6),
(323, 'cimg6093', '2016-01-31 00:30:41', 'image/jpg', 6),
(324, '20160129_203752', '2016-01-29 20:37:51', 'image/jpg', 6),
(325, '20160129_174636', '2016-01-29 17:46:35', 'image/jpg', 6),
(326, '20160129_180413', '2016-01-29 18:04:13', 'image/jpg', 6),
(327, 'cimg6071', '2016-01-30 21:14:30', 'image/jpg', 6),
(328, '20160129_182834', '2016-01-29 18:28:33', 'image/jpg', 6),
(329, 'cimg6086', '2016-01-30 22:15:13', 'image/jpg', 6),
(330, 'cimg6090', '2016-01-30 22:50:14', 'image/jpg', 6),
(331, '20160129_183108', '2016-01-29 18:31:07', 'image/jpg', 6),
(332, 'cimg6079', '2016-01-30 21:25:04', 'image/jpg', 6),
(333, '20160129_190315', '2016-01-29 19:03:14', 'image/jpg', 6),
(334, 'cimg6106', '2016-01-31 02:40:25', 'image/jpg', 6),
(335, '20160129_190831', '2016-01-29 19:08:30', 'image/jpg', 6),
(336, 'cimg6080', '2016-01-30 21:25:11', 'image/jpg', 6),
(337, '20160129_183118', '2016-01-29 18:31:18', 'image/jpg', 6),
(338, 'cimg6084', '2016-01-30 21:49:42', 'image/jpg', 6),
(339, 'cimg6087', '2016-01-30 22:49:56', 'image/jpg', 6),
(340, 'cimg6111', '2016-01-31 02:59:35', 'image/jpg', 6),
(341, 'cimg6095', '2016-01-31 00:31:35', 'image/jpg', 6),
(342, 'cimg6102', '2016-01-31 02:39:35', 'image/jpg', 6),
(343, 'cimg6112', '2016-01-31 03:18:21', 'image/jpg', 6),
(344, 'cimg6073', '2016-01-30 21:15:38', 'image/jpg', 6),
(345, 'cimg6099', '2016-01-31 01:49:27', 'image/jpg', 6),
(346, 'cimg6094', '2016-01-31 00:30:54', 'image/jpg', 6),
(347, 'cimg6098', '2016-01-31 01:35:41', 'image/jpg', 6),
(348, 'cimg6082', '2016-01-30 21:37:36', 'image/jpg', 6),
(349, 'cimg6108', '2016-01-31 02:41:21', 'image/jpg', 6),
(350, 'cimg6100', '2016-01-31 02:38:45', 'image/jpg', 6),
(351, 'cimg6114', '2016-01-31 03:34:48', 'image/jpg', 6),
(352, 'cimg6101', '2016-01-31 02:38:59', 'image/jpg', 6),
(353, 'cimg6127', '2016-02-03 22:25:41', 'image/jpg', 7),
(354, 'cimg6129', '2016-02-03 22:26:04', 'image/jpg', 7),
(355, 'cimg6136', '2016-02-03 22:29:30', 'image/jpg', 7),
(356, 'cimg6130', '2016-02-03 22:26:11', 'image/jpg', 7),
(357, 'cimg6126', '2016-02-03 22:25:16', 'image/jpg', 7),
(358, 'cimg6128', '2016-02-03 22:25:57', 'image/jpg', 7),
(359, 'cimg6137', '2016-02-03 22:30:01', 'image/jpg', 7),
(360, 'cimg6116', '2016-02-03 22:20:40', 'image/jpg', 7),
(361, 'cimg6115', '2016-02-03 22:19:48', 'image/jpg', 7),
(362, 'cimg6132', '2016-02-03 22:27:01', 'image/jpg', 7),
(363, 'cimg6118', '2016-02-03 22:21:39', 'image/jpg', 7),
(364, 'cimg6147', '2016-02-03 23:12:25', 'image/jpg', 7),
(365, 'cimg6145', '2016-02-03 22:57:51', 'image/jpg', 7),
(366, 'cimg6138', '2016-02-03 22:30:13', 'image/jpg', 7),
(367, 'cimg6146', '2016-02-03 23:10:36', 'image/jpg', 7),
(368, 'cimg6134', '2016-02-03 22:28:14', 'image/jpg', 7),
(369, 'cimg6148', '2016-02-04 00:52:51', 'image/jpg', 7),
(370, 'cimg6121', '2016-02-03 22:22:43', 'image/jpg', 7),
(371, 'cimg6178', '2016-02-04 04:42:51', 'image/jpg', 7),
(372, 'cimg6125', '2016-02-03 22:25:11', 'image/jpg', 7),
(373, 'cimg6142', '2016-02-03 22:42:04', 'image/jpg', 7),
(374, 'cimg6131', '2016-02-03 22:26:23', 'image/jpg', 7),
(375, 'cimg6119', '2016-02-03 22:22:20', 'image/jpg', 7),
(376, 'cimg6124', '2016-02-03 22:25:05', 'image/jpg', 7),
(377, 'cimg6159', '2016-02-04 01:03:16', 'image/jpg', 7),
(378, 'cimg6152', '2016-02-04 00:56:56', 'image/jpg', 7),
(379, 'cimg6157', '2016-02-04 01:00:57', 'image/jpg', 7),
(380, 'cimg6135', '2016-02-03 22:28:35', 'image/jpg', 7),
(381, 'cimg6156', '2016-02-04 00:58:52', 'image/jpg', 7),
(382, 'cimg6160', '2016-02-04 01:03:50', 'image/jpg', 7),
(383, 'cimg6140', '2016-02-03 22:30:47', 'image/jpg', 7),
(384, 'cimg6161', '2016-02-04 01:05:09', 'image/jpg', 7),
(385, 'cimg6144', '2016-02-03 22:54:36', 'image/jpg', 7),
(386, 'cimg6123', '2016-02-03 22:24:18', 'image/jpg', 7),
(387, 'cimg6155', '2016-02-04 00:58:13', 'image/jpg', 7),
(388, 'cimg6162', '2016-02-04 01:05:16', 'image/jpg', 7),
(389, 'cimg6163', '2016-02-04 01:05:26', 'image/jpg', 7),
(390, 'cimg6168', '2016-02-04 01:07:20', 'image/jpg', 7),
(391, 'cimg6169', '2016-02-04 01:07:31', 'image/jpg', 7),
(392, 'cimg6170', '2016-02-04 01:08:13', 'image/jpg', 7),
(393, 'cimg6171', '2016-02-04 01:12:48', 'image/jpg', 7),
(394, 'cimg6172', '2016-02-04 01:13:13', 'image/jpg', 7),
(395, 'cimg6164', '2016-02-04 01:05:40', 'image/jpg', 7),
(396, 'cimg6167', '2016-02-04 01:07:03', 'image/jpg', 7),
(397, 'cimg6117', '2016-02-03 22:21:06', 'image/jpg', 7),
(398, 'cimg6209', '2016-02-04 22:00:26', 'image/jpg', 8),
(399, 'cimg6203', '2016-02-04 21:57:56', 'image/jpg', 8),
(400, 'cimg6199', '2016-02-04 21:06:24', 'image/jpg', 8),
(401, 'cimg6211', '2016-02-04 22:02:32', 'image/jpg', 8),
(402, 'cimg6208', '2016-02-04 21:59:03', 'image/jpg', 8),
(403, 'cimg6200', '2016-02-04 21:57:08', 'image/jpg', 8),
(404, 'cimg6210', '2016-02-04 22:01:10', 'image/jpg', 8),
(405, 'cimg6204', '2016-02-04 21:58:26', 'image/jpg', 8),
(406, 'cimg6261', '2016-02-04 23:26:29', 'image/jpg', 8),
(407, 'cimg6260', '2016-02-04 23:25:21', 'image/jpg', 8),
(408, 'cimg6254', '2016-02-04 23:17:45', 'image/jpg', 8),
(409, 'cimg6250', '2016-02-04 22:49:20', 'image/jpg', 8),
(410, 'cimg6213', '2016-02-04 22:03:22', 'image/jpg', 8),
(411, 'cimg6264', '2016-02-04 23:27:26', 'image/jpg', 8),
(412, 'cimg6251', '2016-02-04 22:49:27', 'image/jpg', 8),
(413, 'cimg6268', '2016-02-04 23:29:56', 'image/jpg', 8),
(414, 'cimg6214', '2016-02-04 22:31:41', 'image/jpg', 8),
(415, 'cimg6266', '2016-02-04 23:29:21', 'image/jpg', 8),
(416, 'cimg6252', '2016-02-04 22:50:29', 'image/jpg', 8),
(417, 'cimg6267', '2016-02-04 23:29:27', 'image/jpg', 8),
(418, 'cimg6257', '2016-02-04 23:18:22', 'image/jpg', 8),
(419, 'cimg6277', '2016-02-05 02:15:16', 'image/jpg', 8),
(420, 'cimg6219', '2016-02-04 22:32:44', 'image/jpg', 8),
(421, 'cimg6216', '2016-02-04 22:32:08', 'image/jpg', 8),
(422, 'cimg6281', '2016-02-05 02:16:38', 'image/jpg', 8),
(423, 'cimg6278', '2016-02-05 02:15:28', 'image/jpg', 8),
(424, 'cimg6186', '2016-02-04 12:56:10', 'image/jpg', 8),
(425, 'cimg6279', '2016-02-05 02:15:43', 'image/jpg', 8),
(426, 'cimg6188', '2016-02-04 12:59:56', 'image/jpg', 8),
(427, 'cimg6180', '2016-02-04 12:54:34', 'image/jpg', 8),
(428, 'cimg6220', '2016-02-04 22:32:54', 'image/jpg', 8),
(429, 'cimg6230', '2016-02-04 22:36:18', 'image/jpg', 8),
(430, 'cimg6198', '2016-02-04 21:06:05', 'image/jpg', 8),
(431, 'cimg6221', '2016-02-04 22:35:20', 'image/jpg', 8),
(432, 'cimg6181', '2016-02-04 12:54:41', 'image/jpg', 8),
(433, 'cimg6222', '2016-02-04 22:35:25', 'image/jpg', 8),
(434, 'cimg6231', '2016-02-04 22:36:34', 'image/jpg', 8),
(435, 'cimg6191', '2016-02-04 20:50:17', 'image/jpg', 8),
(436, 'cimg6190', '2016-02-04 13:03:32', 'image/jpg', 8),
(437, 'cimg6235', '2016-02-04 22:36:55', 'image/jpg', 8),
(438, 'cimg6244', '2016-02-04 22:43:34', 'image/jpg', 8),
(439, 'cimg6243', '2016-02-04 22:43:26', 'image/jpg', 8),
(440, 'cimg6247', '2016-02-04 22:46:06', 'image/jpg', 8),
(441, 'cimg6242', '2016-02-04 22:43:05', 'image/jpg', 8),
(442, 'cimg6272', '2016-02-05 02:04:13', 'image/jpg', 8),
(443, 'cimg6241', '2016-02-04 22:40:06', 'image/jpg', 8),
(444, 'cimg6273', '2016-02-05 02:04:29', 'image/jpg', 8),
(445, 'cimg6274', '2016-02-05 02:04:36', 'image/jpg', 8),
(446, 'cimg6269', '2016-02-04 23:30:01', 'image/jpg', 8),
(447, 'cimg6275', '2016-02-05 02:04:56', 'image/jpg', 8),
(448, 'cimg6276', '2016-02-05 02:05:44', 'image/jpg', 8),
(449, 'cimg6184', '2016-02-04 12:55:23', 'image/jpg', 8),
(450, 'cimg6196', '2016-02-04 21:05:40', 'image/jpg', 8),
(451, 'cimg6271', '2016-02-04 23:30:25', 'image/jpg', 8),
(452, 'cimg6185', '2016-02-04 12:55:30', 'image/jpg', 8),
(453, 'cimg6197', '2016-02-04 21:05:46', 'image/jpg', 8),
(454, 'cimg6292', '2016-02-05 15:43:01', 'image/jpg', 9),
(455, 'cimg6301', '2016-02-05 16:15:21', 'image/jpg', 9),
(456, 'cimg6296', '2016-02-05 15:44:38', 'image/jpg', 9),
(457, 'cimg6302', '2016-02-05 17:08:07', 'image/jpg', 9),
(458, 'cimg6298', '2016-02-05 16:08:54', 'image/jpg', 9),
(459, 'cimg6303', '2016-02-05 17:09:16', 'image/jpg', 9),
(460, 'cimg6304', '2016-02-05 17:43:45', 'image/jpg', 9),
(461, 'cimg6307', '2016-02-05 17:58:23', 'image/jpg', 9),
(462, 'cimg6297', '2016-02-05 15:45:33', 'image/jpg', 9),
(463, 'cimg6295', '2016-02-05 15:44:27', 'image/jpg', 9),
(464, 'cimg6293', '2016-02-05 15:43:12', 'image/jpg', 9),
(465, 'cimg6323', '2016-02-05 19:57:46', 'image/jpg', 9),
(466, 'cimg6328', '2016-02-05 19:59:22', 'image/jpg', 9),
(467, 'cimg6299', '2016-02-05 16:11:33', 'image/jpg', 9),
(468, 'cimg6312', '2016-02-05 18:05:33', 'image/jpg', 9),
(469, 'cimg6309', '2016-02-05 17:59:27', 'image/jpg', 9),
(470, 'cimg6311', '2016-02-05 18:05:28', 'image/jpg', 9),
(471, 'cimg6306', '2016-02-05 17:56:51', 'image/jpg', 9),
(472, 'cimg6315', '2016-02-05 18:05:50', 'image/jpg', 9),
(473, 'cimg6318', '2016-02-05 19:54:30', 'image/jpg', 9),
(474, 'cimg6327', '2016-02-05 19:58:55', 'image/jpg', 9),
(475, 'cimg6334', '2016-02-05 20:43:24', 'image/jpg', 9),
(476, 'cimg6308', '2016-02-05 17:58:29', 'image/jpg', 9),
(477, 'cimg6336', '2016-02-05 20:44:21', 'image/jpg', 9),
(478, 'cimg6338', '2016-02-05 21:05:07', 'image/jpg', 9),
(479, 'cimg6316', '2016-02-05 18:07:21', 'image/jpg', 9),
(480, 'cimg6341', '2016-02-05 21:18:43', 'image/jpg', 9),
(481, 'cimg6313', '2016-02-05 18:05:38', 'image/jpg', 9),
(482, 'cimg6291', '2016-02-05 15:42:40', 'image/jpg', 9),
(483, 'cimg6343', '2016-02-05 21:31:23', 'image/jpg', 9),
(484, 'cimg6310', '2016-02-05 18:04:50', 'image/jpg', 9),
(485, 'cimg6325', '2016-02-05 19:58:07', 'image/jpg', 9),
(486, 'cimg6330', '2016-02-05 19:59:47', 'image/jpg', 9),
(487, 'cimg6332', '2016-02-05 20:32:25', 'image/jpg', 9),
(488, 'cimg6335', '2016-02-05 20:44:15', 'image/jpg', 9),
(489, 'cimg6355', '2016-02-05 21:41:10', 'image/jpg', 9),
(490, 'cimg6342', '2016-02-05 21:28:36', 'image/jpg', 9),
(491, 'cimg6314', '2016-02-05 18:05:43', 'image/jpg', 9),
(492, 'cimg6339', '2016-02-05 21:05:14', 'image/jpg', 9),
(493, 'cimg6364', '2016-02-05 21:49:26', 'image/jpg', 9),
(494, 'cimg6370', '2016-02-05 22:03:06', 'image/jpg', 9),
(495, 'cimg6390', '2016-02-06 01:16:56', 'image/jpg', 9),
(496, 'cimg6331', '2016-02-05 20:32:19', 'image/jpg', 9),
(497, 'cimg6349', '2016-02-05 21:38:51', 'image/jpg', 9),
(498, 'cimg6317', '2016-02-05 19:54:24', 'image/jpg', 9),
(499, 'cimg6368', '2016-02-05 22:02:20', 'image/jpg', 9),
(500, 'cimg6435', '2016-02-06 02:12:08', 'image/jpg', 9),
(501, 'cimg6371', '2016-02-05 22:03:16', 'image/jpg', 9),
(502, 'cimg6376', '2016-02-05 22:17:36', 'image/jpg', 9),
(503, 'cimg6366', '2016-02-05 21:59:48', 'image/jpg', 9),
(504, 'cimg6379', '2016-02-05 22:24:05', 'image/jpg', 9),
(505, 'cimg6337', '2016-02-05 21:03:48', 'image/jpg', 9),
(506, 'cimg6383', '2016-02-06 01:15:10', 'image/jpg', 9),
(507, 'cimg6288', '2016-02-05 15:42:07', 'image/jpg', 9),
(508, 'cimg6305', '2016-02-05 17:56:47', 'image/jpg', 9),
(509, 'cimg6359', '2016-02-05 21:42:40', 'image/jpg', 9),
(510, 'cimg6289', '2016-02-05 15:42:19', 'image/jpg', 9),
(511, 'cimg6319', '2016-02-05 19:57:10', 'image/jpg', 9),
(512, 'cimg6385', '2016-02-06 01:15:33', 'image/jpg', 9),
(513, 'cimg6458', '2016-02-06 02:14:02', 'image/jpg', 9),
(514, 'cimg6393', '2016-02-06 01:17:32', 'image/jpg', 9),
(515, 'cimg6381', '2016-02-05 22:32:24', 'image/jpg', 9),
(516, 'cimg6472', '2016-02-06 02:15:36', 'image/jpg', 9),
(517, 'cimg6320', '2016-02-05 19:57:21', 'image/jpg', 9),
(518, 'cimg6367', '2016-02-05 22:02:14', 'image/jpg', 9),
(519, 'cimg6392', '2016-02-06 01:17:22', 'image/jpg', 9),
(520, 'cimg6406', '2016-02-06 01:22:04', 'image/jpg', 9),
(521, 'cimg6354', '2016-02-05 21:41:01', 'image/jpg', 9),
(522, 'cimg6395', '2016-02-06 01:17:45', 'image/jpg', 9),
(523, 'cimg6425', '2016-02-06 01:50:10', 'image/jpg', 9),
(524, 'cimg6373', '2016-02-05 22:11:59', 'image/jpg', 9),
(525, 'cimg6377', '2016-02-05 22:17:48', 'image/jpg', 9),
(526, 'cimg6378', '2016-02-05 22:21:00', 'image/jpg', 9),
(527, 'cimg6422', '2016-02-06 01:46:30', 'image/jpg', 9),
(528, 'cimg6284', '2016-02-05 13:39:00', 'image/jpg', 9),
(529, 'cimg6347', '2016-02-05 21:36:43', 'image/jpg', 9),
(530, 'cimg6419', '2016-02-06 01:31:50', 'image/jpg', 9),
(531, 'cimg6410', '2016-02-06 01:23:39', 'image/jpg', 9),
(532, 'cimg6375', '2016-02-05 22:16:10', 'image/jpg', 9),
(533, 'cimg6473', '2016-02-06 02:23:43', 'image/jpg', 9),
(534, 'cimg6474', '2016-02-06 02:24:18', 'image/jpg', 9),
(535, 'cimg6475', '2016-02-06 02:24:45', 'image/jpg', 9),
(536, 'cimg6420', '2016-02-06 01:33:28', 'image/jpg', 9),
(537, 'cimg6476', '2016-02-06 02:26:00', 'image/jpg', 9),
(538, 'cimg6285', '2016-02-05 13:39:15', 'image/jpg', 9),
(539, 'cimg6477', '2016-02-06 02:26:06', 'image/jpg', 9),
(540, 'cimg6414', '2016-02-06 01:29:31', 'image/jpg', 9),
(541, 'cimg6415', '2016-02-06 01:30:27', 'image/jpg', 9),
(542, 'cimg6286', '2016-02-05 13:44:16', 'image/jpg', 9),
(543, 'cimg6282', '2016-02-05 12:55:56', 'image/jpg', 9),
(544, 'cimg6427', '2016-02-06 01:52:24', 'image/jpg', 9),
(545, 'cimg6287', '2016-02-05 15:41:50', 'image/jpg', 9),
(546, 'cimg6283', '2016-02-05 13:38:51', 'image/jpg', 9),
(547, 'cimg6416', '2016-02-06 01:30:45', 'image/jpg', 9),
(548, 'cimg6421', '2016-02-06 01:35:08', 'image/jpg', 9),
(549, 'cimg6483', '2016-02-06 18:01:17', 'image/jpg', 10),
(550, 'cimg6489', '2016-02-06 18:42:17', 'image/jpg', 10),
(551, 'cimg6478', '2016-02-06 15:15:33', 'image/jpg', 10),
(552, 'cimg6485', '2016-02-06 18:37:36', 'image/jpg', 10),
(553, 'cimg6491', '2016-02-06 19:42:50', 'image/jpg', 10),
(554, 'cimg6539', '2016-02-06 20:06:10', 'image/jpg', 10),
(555, 'cimg6543', '2016-02-06 20:10:05', 'image/jpg', 10),
(556, 'cimg6487', '2016-02-06 18:41:53', 'image/jpg', 10),
(557, 'cimg6479', '2016-02-06 17:07:49', 'image/jpg', 10),
(558, 'cimg6504', '2016-02-06 19:45:51', 'image/jpg', 10),
(559, 'cimg6494', '2016-02-06 19:44:00', 'image/jpg', 10),
(560, 'cimg6497', '2016-02-06 19:44:22', 'image/jpg', 10),
(561, 'cimg6490', '2016-02-06 19:42:44', 'image/jpg', 10),
(562, 'cimg6538', '2016-02-06 20:06:00', 'image/jpg', 10),
(563, 'cimg6488', '2016-02-06 18:42:09', 'image/jpg', 10),
(564, 'cimg6495', '2016-02-06 19:44:12', 'image/jpg', 10),
(565, 'cimg6493', '2016-02-06 19:43:54', 'image/jpg', 10),
(566, 'cimg6498', '2016-02-06 19:44:30', 'image/jpg', 10),
(567, 'cimg6499', '2016-02-06 19:44:59', 'image/jpg', 10),
(568, 'cimg6534', '2016-02-06 20:04:49', 'image/jpg', 10),
(569, 'cimg6536', '2016-02-06 20:05:27', 'image/jpg', 10),
(570, 'cimg6503', '2016-02-06 19:45:37', 'image/jpg', 10),
(571, 'cimg6506', '2016-02-06 19:46:17', 'image/jpg', 10),
(572, 'cimg6513', '2016-02-06 19:47:22', 'image/jpg', 10),
(573, 'cimg6537', '2016-02-06 20:05:53', 'image/jpg', 10),
(574, 'cimg6541', '2016-02-06 20:06:59', 'image/jpg', 10),
(575, 'cimg6510', '2016-02-06 19:46:55', 'image/jpg', 10),
(576, 'cimg6540', '2016-02-06 20:06:49', 'image/jpg', 10),
(577, 'cimg6509', '2016-02-06 19:46:49', 'image/jpg', 10),
(578, 'cimg6520', '2016-02-06 19:48:48', 'image/jpg', 10),
(579, 'cimg6522', '2016-02-06 19:58:35', 'image/jpg', 10),
(580, 'cimg6501', '2016-02-06 19:45:17', 'image/jpg', 10),
(581, 'cimg6518', '2016-02-06 19:48:29', 'image/jpg', 10),
(582, 'cimg6523', '2016-02-06 19:58:51', 'image/jpg', 10),
(583, 'cimg6524', '2016-02-06 19:59:06', 'image/jpg', 10),
(584, 'cimg6525', '2016-02-06 20:00:07', 'image/jpg', 10),
(585, 'cimg6527', '2016-02-06 20:00:55', 'image/jpg', 10),
(586, 'cimg6528', '2016-02-06 20:02:18', 'image/jpg', 10),
(587, 'cimg6544', '2016-02-06 21:06:54', 'image/jpg', 10),
(588, 'cimg6529', '2016-02-06 20:03:03', 'image/jpg', 10),
(589, 'cimg6533', '2016-02-06 20:03:51', 'image/jpg', 10),
(590, 'cimg6558', '2016-02-07 01:13:32', 'image/jpg', 11),
(591, 'cimg6550', '2016-02-07 00:39:10', 'image/jpg', 11),
(592, 'cimg6547', '2016-02-06 21:50:50', 'image/jpg', 11),
(593, 'cimg6546', '2016-02-06 21:39:05', 'image/jpg', 11),
(594, 'cimg6560', '2016-02-07 01:13:45', 'image/jpg', 11),
(595, 'cimg6549', '2016-02-07 00:38:42', 'image/jpg', 11),
(596, 'cimg6557', '2016-02-07 00:43:33', 'image/jpg', 11),
(597, 'cimg6555', '2016-02-07 00:42:29', 'image/jpg', 11),
(598, 'cimg6573', '2016-02-07 01:51:29', 'image/jpg', 11),
(599, 'cimg6548', '2016-02-07 00:38:35', 'image/jpg', 11),
(600, 'cimg6565', '2016-02-07 01:41:28', 'image/jpg', 11),
(601, 'cimg6551', '2016-02-07 00:40:08', 'image/jpg', 11),
(602, 'cimg6569', '2016-02-07 01:47:27', 'image/jpg', 11),
(603, 'cimg6562', '2016-02-07 01:36:03', 'image/jpg', 11),
(604, 'cimg6554', '2016-02-07 00:41:38', 'image/jpg', 11),
(605, 'cimg6561', '2016-02-07 01:35:45', 'image/jpg', 11),
(606, 'cimg6568', '2016-02-07 01:46:34', 'image/jpg', 11),
(607, 'cimg6566', '2016-02-07 01:42:25', 'image/jpg', 11),
(608, 'cimg6567', '2016-02-07 01:44:46', 'image/jpg', 11),
(609, 'cimg6571', '2016-02-07 01:51:18', 'image/jpg', 11),
(610, 'cimg6570', '2016-02-07 01:47:34', 'image/jpg', 11),
(611, 'cimg6574', '2016-02-07 01:51:45', 'image/jpg', 11),
(612, 'cimg6572', '2016-02-07 01:51:24', 'image/jpg', 11),
(613, 'cimg6615', '2016-02-07 14:41:12', 'image/jpg', 12),
(614, 'cimg6606', '2016-02-07 14:13:29', 'image/jpg', 12),
(615, 'cimg6608', '2016-02-07 14:34:02', 'image/jpg', 12),
(616, 'cimg6607', '2016-02-07 14:33:38', 'image/jpg', 12),
(617, 'cimg6591', '2016-02-07 06:14:28', 'image/jpg', 12),
(618, 'cimg6590', '2016-02-07 06:07:38', 'image/jpg', 12),
(619, 'cimg6604', '2016-02-07 14:04:26', 'image/jpg', 12),
(620, 'cimg6617', '2016-02-07 18:07:01', 'image/jpg', 12),
(621, 'cimg6627', '2016-02-08 01:48:54', 'image/jpg', 12),
(622, 'cimg6624', '2016-02-08 00:33:56', 'image/jpg', 12),
(623, 'cimg6614', '2016-02-07 14:41:06', 'image/jpg', 12),
(624, 'cimg6612', '2016-02-07 14:37:08', 'image/jpg', 12),
(625, 'cimg6587', '2016-02-07 06:04:12', 'image/jpg', 12),
(626, 'cimg6610', '2016-02-07 14:34:19', 'image/jpg', 12),
(627, 'cimg6621', '2016-02-07 18:08:05', 'image/jpg', 12),
(628, 'cimg6626', '2016-02-08 01:48:46', 'image/jpg', 12),
(629, 'cimg6593', '2016-02-07 06:41:14', 'image/jpg', 12),
(630, 'cimg6625', '2016-02-08 01:48:26', 'image/jpg', 12),
(631, 'cimg6602', '2016-02-07 14:04:02', 'image/jpg', 12),
(632, 'cimg6599', '2016-02-07 13:50:52', 'image/jpg', 12),
(633, 'cimg6623', '2016-02-07 18:48:30', 'image/jpg', 12),
(634, 'cimg6622', '2016-02-07 18:08:59', 'image/jpg', 12),
(635, 'cimg6629', '2016-02-08 01:49:58', 'image/jpg', 12),
(636, 'cimg6620', '2016-02-07 18:07:54', 'image/jpg', 12),
(637, 'cimg6619', '2016-02-07 18:07:31', 'image/jpg', 12),
(638, 'cimg6596', '2016-02-07 13:32:12', 'image/jpg', 12),
(639, 'cimg6630', '2016-02-08 01:50:39', 'image/jpg', 12),
(640, 'cimg6633', '2016-02-08 01:51:30', 'image/jpg', 12),
(641, 'cimg6577', '2016-02-07 05:45:59', 'image/jpg', 12),
(642, 'cimg6578', '2016-02-07 05:50:15', 'image/jpg', 12),
(643, 'cimg6618', '2016-02-07 18:07:12', 'image/jpg', 12),
(644, 'cimg6605', '2016-02-07 14:13:20', 'image/jpg', 12),
(645, 'cimg6634', '2016-02-08 01:52:12', 'image/jpg', 12),
(646, 'cimg6616', '2016-02-07 18:06:49', 'image/jpg', 12),
(647, 'cimg6586', '2016-02-07 06:04:03', 'image/jpg', 12),
(648, 'cimg6576', '2016-02-07 05:45:48', 'image/jpg', 12),
(649, 'cimg6585', '2016-02-07 06:02:05', 'image/jpg', 12),
(650, 'cimg6592', '2016-02-07 06:14:39', 'image/jpg', 12),
(651, 'cimg6580', '2016-02-07 05:50:44', 'image/jpg', 12),
(652, 'cimg6581', '2016-02-07 05:53:25', 'image/jpg', 12),
(653, 'cimg6583', '2016-02-07 05:54:01', 'image/jpg', 12),
(654, 'cimg6589', '2016-02-07 06:06:11', 'image/jpg', 12),
(655, 'cimg6595', '2016-02-07 06:41:56', 'image/jpg', 12),
(656, 'cimg6603', '2016-02-07 14:04:14', 'image/jpg', 12),
(657, 'cimg6643', '2016-02-08 22:59:03', 'image/jpg', 13),
(658, 'cimg6636', '2016-02-08 22:55:08', 'image/jpg', 13),
(659, 'cimg6649', '2016-02-09 00:21:50', 'image/jpg', 13),
(660, 'cimg6653', '2016-02-09 00:23:38', 'image/jpg', 13),
(661, 'cimg6638', '2016-02-08 22:56:32', 'image/jpg', 13),
(662, 'cimg6645', '2016-02-08 23:01:08', 'image/jpg', 13),
(663, 'cimg6651', '2016-02-09 00:22:49', 'image/jpg', 13),
(664, 'cimg6644', '2016-02-08 23:01:00', 'image/jpg', 13),
(665, 'cimg6647', '2016-02-09 00:20:53', 'image/jpg', 13),
(666, 'cimg6635', '2016-02-08 22:02:10', 'image/jpg', 13),
(667, 'cimg6667', '2016-02-09 00:38:32', 'image/jpg', 13),
(668, 'cimg6661', '2016-02-09 00:26:24', 'image/jpg', 13),
(669, 'cimg6688', '2016-02-09 00:45:01', 'image/jpg', 13),
(670, 'cimg6654', '2016-02-09 00:23:47', 'image/jpg', 13),
(671, 'cimg6656', '2016-02-09 00:24:54', 'image/jpg', 13),
(672, 'cimg6681', '2016-02-09 00:43:07', 'image/jpg', 13),
(673, 'cimg6693', '2016-02-09 00:47:27', 'image/jpg', 13),
(674, 'cimg6700', '2016-02-09 00:48:50', 'image/jpg', 13),
(675, 'cimg6668', '2016-02-09 00:38:41', 'image/jpg', 13),
(676, 'cimg6670', '2016-02-09 00:38:56', 'image/jpg', 13),
(677, 'cimg6671', '2016-02-09 00:39:26', 'image/jpg', 13),
(678, 'cimg6728', '2016-02-09 01:50:06', 'image/jpg', 13),
(679, 'cimg6718', '2016-02-09 01:48:10', 'image/jpg', 13),
(680, 'cimg6701', '2016-02-09 00:49:31', 'image/jpg', 13),
(681, 'cimg6691', '2016-02-09 00:46:18', 'image/jpg', 13),
(682, 'cimg6659', '2016-02-09 00:25:58', 'image/jpg', 13),
(683, 'cimg6662', '2016-02-09 00:28:05', 'image/jpg', 13),
(684, 'cimg6703', '2016-02-09 01:15:47', 'image/jpg', 13),
(685, 'cimg6704', '2016-02-09 01:45:55', 'image/jpg', 13),
(686, 'cimg6664', '2016-02-09 00:29:48', 'image/jpg', 13),
(687, 'cimg6678', '2016-02-09 00:42:29', 'image/jpg', 13),
(688, 'cimg6673', '2016-02-09 00:39:41', 'image/jpg', 13),
(689, 'cimg6683', '2016-02-09 00:43:58', 'image/jpg', 13),
(690, 'cimg6674', '2016-02-09 00:40:51', 'image/jpg', 13),
(691, 'cimg6676', '2016-02-09 00:41:46', 'image/jpg', 13),
(692, 'cimg6666', '2016-02-09 00:31:14', 'image/jpg', 13),
(693, 'cimg6663', '2016-02-09 00:29:26', 'image/jpg', 13),
(694, 'cimg6733', '2016-02-09 01:52:15', 'image/jpg', 13),
(695, 'cimg6692', '2016-02-09 00:47:04', 'image/jpg', 13),
(696, 'cimg6687', '2016-02-09 00:44:48', 'image/jpg', 13),
(697, 'cimg6677', '2016-02-09 00:42:09', 'image/jpg', 13),
(698, 'cimg6735', '2016-02-09 01:52:29', 'image/jpg', 13),
(699, 'cimg6739', '2016-02-09 01:53:37', 'image/jpg', 13),
(700, 'cimg6911', '2016-02-09 04:29:37', 'image/jpg', 13),
(701, 'cimg6919', '2016-02-09 06:05:47', 'image/jpg', 13),
(702, 'cimg6742', '2016-02-09 01:55:01', 'image/jpg', 13),
(703, 'cimg6923', '2016-02-09 06:15:49', 'image/jpg', 13),
(704, 'cimg6770', '2016-02-09 03:30:24', 'image/jpg', 13),
(705, 'cimg6925', '2016-02-09 06:16:16', 'image/jpg', 13),
(706, 'cimg6719', '2016-02-09 01:48:20', 'image/jpg', 13),
(707, 'cimg6776', '2016-02-09 03:41:27', 'image/jpg', 13),
(708, 'cimg6761', '2016-02-09 03:10:05', 'image/jpg', 13),
(709, 'cimg6707', '2016-02-09 01:46:16', 'image/jpg', 13),
(710, 'cimg6713', '2016-02-09 01:46:58', 'image/jpg', 13),
(711, 'cimg6721', '2016-02-09 01:48:34', 'image/jpg', 13),
(712, 'cimg6785', '2016-02-09 03:44:02', 'image/jpg', 13),
(713, 'cimg6786', '2016-02-09 03:46:21', 'image/jpg', 13),
(714, 'cimg6790', '2016-02-09 03:50:07', 'image/jpg', 13),
(715, 'cimg6831', '2016-02-09 03:55:59', 'image/jpg', 13),
(716, 'cimg6780', '2016-02-09 03:42:38', 'image/jpg', 13),
(717, 'cimg6787', '2016-02-09 03:46:49', 'image/jpg', 13),
(718, 'cimg6846', '2016-02-09 03:58:19', 'image/jpg', 13),
(719, 'cimg6791', '2016-02-09 03:50:17', 'image/jpg', 13),
(720, 'cimg6764', '2016-02-09 03:10:37', 'image/jpg', 13),
(721, 'cimg6850', '2016-02-09 03:58:58', 'image/jpg', 13),
(722, 'cimg6856', '2016-02-09 03:59:42', 'image/jpg', 13),
(723, 'cimg6847', '2016-02-09 03:58:28', 'image/jpg', 13),
(724, 'cimg6767', '2016-02-09 03:11:10', 'image/jpg', 13),
(725, 'cimg6897', '2016-02-09 04:10:51', 'image/jpg', 13),
(726, 'cimg6875', '2016-02-09 04:02:42', 'image/jpg', 13),
(727, 'cimg6793', '2016-02-09 03:50:51', 'image/jpg', 13),
(728, 'cimg6893', '2016-02-09 04:07:24', 'image/jpg', 13),
(729, 'cimg6890', '2016-02-09 04:06:07', 'image/jpg', 13),
(730, 'cimg6909', '2016-02-09 04:17:31', 'image/jpg', 13),
(731, 'cimg6797', '2016-02-09 03:51:24', 'image/jpg', 13),
(732, 'cimg6898', '2016-02-09 04:10:59', 'image/jpg', 13),
(733, 'cimg6894', '2016-02-09 04:08:14', 'image/jpg', 13),
(734, 'cimg6895', '2016-02-09 04:09:36', 'image/jpg', 13),
(735, 'cimg6771', '2016-02-09 03:32:45', 'image/jpg', 13),
(736, 'cimg6848', '2016-02-09 03:58:40', 'image/jpg', 13),
(737, 'cimg6906', '2016-02-09 04:15:18', 'image/jpg', 13),
(738, 'cimg6800', '2016-02-09 03:51:42', 'image/jpg', 13),
(739, 'cimg6801', '2016-02-09 03:51:50', 'image/jpg', 13),
(740, 'cimg6900', '2016-02-09 04:12:02', 'image/jpg', 13),
(741, 'cimg6910', '2016-02-09 04:29:23', 'image/jpg', 13),
(742, 'cimg6665', '2016-02-09 00:30:10', 'image/jpg', 13),
(743, 'cimg6904', '2016-02-09 04:13:26', 'image/jpg', 13),
(744, 'cimg6696', '2016-02-09 00:47:55', 'image/jpg', 13),
(745, 'cimg6905', '2016-02-09 04:13:58', 'image/jpg', 13),
(746, 'cimg6768', '2016-02-09 03:22:07', 'image/jpg', 13),
(747, 'cimg6908', '2016-02-09 04:17:16', 'image/jpg', 13),
(748, 'cimg6921', '2016-02-09 06:06:15', 'image/jpg', 13),
(749, 'cimg6914', '2016-02-09 05:38:23', 'image/jpg', 13),
(750, 'cimg6934', '2016-02-09 21:27:32', 'image/jpg', 14),
(751, 'cimg6930', '2016-02-09 15:25:45', 'image/jpg', 14),
(752, 'cimg6933', '2016-02-09 21:26:51', 'image/jpg', 14),
(753, 'cimg6935', '2016-02-09 21:27:40', 'image/jpg', 14),
(754, 'cimg6938', '2016-02-09 21:34:55', 'image/jpg', 14),
(755, 'cimg6941', '2016-02-09 21:42:58', 'image/jpg', 14),
(756, 'cimg6927', '2016-02-09 15:09:12', 'image/jpg', 14),
(757, 'cimg6929', '2016-02-09 15:25:38', 'image/jpg', 14),
(758, 'cimg6939', '2016-02-09 21:40:42', 'image/jpg', 14),
(759, 'cimg6943', '2016-02-09 21:43:45', 'image/jpg', 14),
(760, 'cimg6932', '2016-02-09 15:26:43', 'image/jpg', 14),
(761, 'cimg6945', '2016-02-09 21:44:27', 'image/jpg', 14),
(762, 'cimg6928', '2016-02-09 15:11:18', 'image/jpg', 14),
(763, 'cimg6937', '2016-02-09 21:34:38', 'image/jpg', 14),
(764, 'cimg6931', '2016-02-09 15:25:56', 'image/jpg', 14),
(765, 'cimg6961', '2016-02-09 21:57:03', 'image/jpg', 14),
(766, 'cimg6950', '2016-02-09 21:47:10', 'image/jpg', 14),
(767, 'cimg6959', '2016-02-09 21:53:43', 'image/jpg', 14),
(768, 'cimg6964', '2016-02-09 22:03:10', 'image/jpg', 14),
(769, 'cimg6952', '2016-02-09 21:47:48', 'image/jpg', 14),
(770, 'cimg6962', '2016-02-09 21:59:35', 'image/jpg', 14),
(771, 'cimg6968', '2016-02-09 22:06:27', 'image/jpg', 14),
(772, 'cimg6966', '2016-02-09 22:05:04', 'image/jpg', 14),
(773, 'cimg6971', '2016-02-09 23:31:47', 'image/jpg', 14),
(774, 'cimg6951', '2016-02-09 21:47:30', 'image/jpg', 14),
(775, 'cimg6970', '2016-02-09 22:44:57', 'image/jpg', 14),
(776, 'cimg6972', '2016-02-09 23:31:54', 'image/jpg', 14),
(777, 'cimg6976', '2010-01-29 00:04:09', 'image/jpg', 15),
(778, 'cimg6978', '2010-01-29 00:11:22', 'image/jpg', 15),
(779, 'cimg6979', '2010-01-29 00:12:26', 'image/jpg', 15),
(780, 'cimg6982', '2010-01-29 00:16:00', 'image/jpg', 15),
(781, 'cimg6984', '2010-01-29 00:16:47', 'image/jpg', 15),
(782, 'cimg6986', '2010-01-29 00:25:49', 'image/jpg', 15),
(783, 'cimg6989', '2010-01-29 00:26:20', 'image/jpg', 15),
(784, 'cimg6993', '2010-01-29 00:28:02', 'image/jpg', 15),
(785, 'cimg6992', '2010-01-29 00:27:16', 'image/jpg', 15),
(786, 'cimg6994', '2010-01-29 02:54:48', 'image/jpg', 15),
(787, 'cimg6996', '2010-01-29 02:57:05', 'image/jpg', 15),
(788, 'cimg7001', '2010-01-29 06:56:18', 'image/jpg', 15),
(789, 'cimg7002', '2010-01-29 07:20:48', 'image/jpg', 15),
(790, 'cimg7000', '2010-01-29 06:55:18', 'image/jpg', 15),
(791, 'cimg7029', '2010-01-29 10:10:56', 'image/jpg', 15),
(792, 'cimg7032', '2010-01-29 10:16:49', 'image/jpg', 15),
(793, 'cimg7006', '2010-01-29 07:22:06', 'image/jpg', 15),
(794, 'cimg7031', '2010-01-29 10:13:17', 'image/jpg', 15),
(795, 'cimg7019', '2010-01-29 10:06:50', 'image/jpg', 15),
(796, 'cimg6999', '2010-01-29 06:52:21', 'image/jpg', 15),
(797, 'cimg7038', '2010-01-29 10:52:50', 'image/jpg', 15),
(798, 'cimg7039', '2010-01-29 10:55:52', 'image/jpg', 15),
(799, 'cimg7048', '2010-01-29 10:59:29', 'image/jpg', 15),
(800, 'cimg7051', '2010-01-29 11:13:39', 'image/jpg', 15),
(801, 'cimg7053', '2010-01-29 11:19:33', 'image/jpg', 15),
(802, 'cimg7064', '2010-01-29 12:20:35', 'image/jpg', 15),
(803, 'cimg7034', '2010-01-29 10:19:54', 'image/jpg', 15),
(804, 'cimg7072', '2010-01-29 13:17:48', 'image/jpg', 15),
(805, 'cimg7012', '2010-01-29 10:01:42', 'image/jpg', 15),
(806, 'cimg7079', '2010-01-30 08:37:25', 'image/jpg', 15),
(807, 'cimg7052', '2010-01-29 11:17:04', 'image/jpg', 15),
(808, 'cimg7011', '2010-01-29 10:01:29', 'image/jpg', 15),
(809, 'cimg7062', '2010-01-29 11:46:42', 'image/jpg', 15),
(810, 'cimg7009', '2010-01-29 09:59:12', 'image/jpg', 15),
(811, 'cimg7004', '2010-01-29 07:21:36', 'image/jpg', 15),
(812, 'cimg7074', '2010-01-30 02:48:01', 'image/jpg', 15),
(813, 'cimg7115', '2010-01-31 02:54:36', 'image/jpg', 15),
(814, 'cimg7010', '2010-01-29 10:01:23', 'image/jpg', 15),
(815, 'cimg7103', '2010-01-30 10:22:32', 'image/jpg', 15),
(816, 'cimg7043', '2010-01-29 10:57:42', 'image/jpg', 15),
(817, 'cimg7108', '2010-01-30 10:44:41', 'image/jpg', 15),
(818, 'dscn2349', '2016-05-14 10:43:42', 'image/jpg', 15),
(819, 'cimg7113', '2010-01-30 11:48:34', 'image/jpg', 15),
(820, 'cimg7117', '2010-01-31 02:56:13', 'image/jpg', 15),
(821, 'cimg7037', '2010-01-29 10:47:51', 'image/jpg', 15),
(822, 'cimg7013', '2010-01-29 10:02:06', 'image/jpg', 15),
(823, 'cimg7104', '2010-01-30 10:35:09', 'image/jpg', 15),
(824, 'dscn2323', '2016-05-14 10:13:25', 'image/jpg', 15),
(825, 'cimg6983', '2010-01-29 00:16:22', 'image/jpg', 15),
(826, 'cimg7055', '2010-01-29 11:22:38', 'image/jpg', 15),
(827, 'cimg7093', '2010-01-30 10:02:37', 'image/jpg', 15),
(828, 'cimg7068', '2010-01-29 13:13:19', 'image/jpg', 15),
(829, 'dscn2337', '2016-05-14 10:25:21', 'image/jpg', 15),
(830, 'cimg6998', '2010-01-29 03:45:01', 'image/jpg', 15),
(831, 'cimg7005', '2010-01-29 07:21:45', 'image/jpg', 15),
(832, 'cimg7070', '2010-01-29 13:14:32', 'image/jpg', 15),
(833, 'cimg7096', '2010-01-30 10:14:06', 'image/jpg', 15),
(834, 'cimg7075', '2010-01-30 04:00:03', 'image/jpg', 15),
(835, 'cimg7099', '2010-01-30 10:15:02', 'image/jpg', 15),
(836, 'cimg7081', '2010-01-30 08:44:22', 'image/jpg', 15),
(837, 'cimg7095', '2010-01-30 10:03:52', 'image/jpg', 15),
(838, 'cimg7003', '2010-01-29 07:20:57', 'image/jpg', 15),
(839, 'cimg7056', '2010-01-29 11:30:56', 'image/jpg', 15),
(840, 'cimg7098', '2010-01-30 10:14:34', 'image/jpg', 15),
(841, 'cimg7046', '2010-01-29 10:58:58', 'image/jpg', 15),
(842, 'cimg7080', '2010-01-30 08:41:54', 'image/jpg', 15),
(843, 'cimg7065', '2010-01-29 12:46:11', 'image/jpg', 15),
(844, 'dscn2352', '2016-05-14 10:49:09', 'image/jpg', 15),
(845, 'cimg7066', '2010-01-29 12:47:00', 'image/jpg', 15),
(846, 'cimg7087', '2010-01-30 09:16:01', 'image/jpg', 15),
(847, 'cimg7097', '2010-01-30 10:14:19', 'image/jpg', 15),
(848, 'cimg7107', '2010-01-30 10:38:49', 'image/jpg', 15),
(849, 'cimg7082', '2010-01-30 08:45:06', 'image/jpg', 15),
(850, 'cimg7071', '2010-01-29 13:14:43', 'image/jpg', 15),
(851, 'cimg7085', '2010-01-30 09:15:40', 'image/jpg', 15),
(852, 'cimg7091', '2010-01-30 09:47:12', 'image/jpg', 15),
(853, 'cimg7050', '2010-01-29 11:12:55', 'image/jpg', 15),
(854, 'dscn2331', '2016-05-14 10:20:43', 'image/jpg', 15),
(855, 'cimg7090', '2010-01-30 09:47:07', 'image/jpg', 15),
(856, 'dscn2338', '2016-05-14 10:34:10', 'image/jpg', 15),
(857, 'cimg7076', '2010-01-30 04:02:25', 'image/jpg', 15),
(858, 'cimg7102', '2010-01-30 10:22:19', 'image/jpg', 15),
(859, 'cimg7112', '2010-01-30 10:45:38', 'image/jpg', 15),
(860, 'cimg7088', '2010-01-30 09:16:13', 'image/jpg', 15),
(861, 'cimg7118', '2010-01-31 02:57:08', 'image/jpg', 15),
(862, 'dscn2334', '2016-05-14 10:24:16', 'image/jpg', 15),
(863, 'cimg7083', '2010-01-30 08:52:08', 'image/jpg', 15),
(864, 'dscn2341', '2016-05-14 10:40:13', 'image/jpg', 15),
(865, 'cimg7084', '2010-01-30 08:52:18', 'image/jpg', 15),
(866, 'foto 23.09.16, 22 32 27', '2016-09-23 22:32:27', 'image/jpg', 46),
(867, 'foto 23.09.16, 22 34 27', '2016-09-23 22:34:27', 'image/jpg', 46),
(868, 'foto 23.09.16, 22 33 42', '2016-09-23 22:33:42', 'image/jpg', 46),
(869, 'foto 23.09.16, 22 33 02', '2016-09-23 22:33:02', 'image/jpg', 46),
(870, 'foto 23.09.16, 22 48 12', '2016-09-23 22:48:12', 'image/jpg', 46),
(871, 'foto 23.09.16, 22 52 42', '2016-09-23 22:52:42', 'image/jpg', 46),
(872, 'foto 23.09.16, 22 52 38', '2016-09-23 22:52:38', 'image/jpg', 46),
(873, 'foto 23.09.16, 22 33 55', '2016-09-23 22:33:55', 'image/jpg', 46);
INSERT INTO `bild` (`id`, `name`, `datum`, `contenttype`, `fk_galerie`) VALUES
(874, 'foto 23.09.16, 22 37 09', '2016-09-23 22:37:09', 'image/jpg', 46),
(875, 'foto 23.09.16, 22 53 11', '2016-09-23 22:53:11', 'image/jpg', 46),
(876, 'foto 23.09.16, 22 38 39', '2016-09-23 22:38:39', 'image/jpg', 46),
(877, 'foto 23.09.16, 22 37 54', '2016-09-23 22:37:54', 'image/jpg', 46),
(878, 'foto 23.09.16, 22 38 23', '2016-09-23 22:38:23', 'image/jpg', 46),
(879, 'foto 23.09.16, 22 39 15', '2016-09-23 22:39:15', 'image/jpg', 46),
(880, 'foto 23.09.16, 23 09 09', '2016-09-23 23:09:09', 'image/jpg', 46),
(881, 'foto 23.09.16, 22 45 25', '2016-09-23 22:45:25', 'image/jpg', 46),
(882, 'foto 23.09.16, 22 46 37', '2016-09-23 22:46:37', 'image/jpg', 46),
(883, 'foto 23.09.16, 22 37 59', '2016-09-23 22:37:59', 'image/jpg', 46),
(884, 'foto 23.09.16, 20 41 33', '2016-09-23 20:41:33', 'image/jpg', 46),
(885, 'foto 23.09.16, 22 47 56', '2016-09-23 22:47:56', 'image/jpg', 46),
(886, 'foto 23.09.16, 22 39 04', '2016-09-23 22:39:04', 'image/jpg', 46),
(887, 'foto 23.09.16, 22 52 44', '2016-09-23 22:52:44', 'image/jpg', 46),
(888, 'foto 23.09.16, 23 02 20', '2016-09-23 23:02:20', 'image/jpg', 46),
(889, 'foto 23.09.16, 22 37 12', '2016-09-23 22:37:12', 'image/jpg', 46),
(890, 'foto 23.09.16, 22 48 31', '2016-09-23 22:48:31', 'image/jpg', 46),
(891, 'foto 23.09.16, 20 56 50', '2016-09-23 20:56:50', 'image/jpg', 46),
(892, 'foto 23.09.16, 22 49 29', '2016-09-23 22:49:29', 'image/jpg', 46),
(893, 'foto 23.09.16, 23 01 03', '2016-09-23 23:01:03', 'image/jpg', 46),
(894, 'cimg7246', '2010-08-20 09:56:56', 'image/jpg', 48),
(895, 'cimg7188', '2010-08-20 06:11:40', 'image/jpg', 48),
(896, 'cimg7180', '2010-08-20 05:28:53', 'image/jpg', 48),
(897, 'cimg7183', '2010-08-20 05:29:42', 'image/jpg', 48),
(898, 'cimg7181', '2010-08-20 05:29:14', 'image/jpg', 48),
(899, 'cimg7187', '2010-08-20 05:30:32', 'image/jpg', 48),
(900, 'cimg7192', '2010-08-20 06:15:30', 'image/jpg', 48),
(901, 'cimg7211', '2010-08-20 07:04:59', 'image/jpg', 48),
(902, 'cimg7195', '2010-08-20 06:17:26', 'image/jpg', 48),
(903, 'cimg7193', '2010-08-20 06:15:42', 'image/jpg', 48),
(904, 'cimg7212', '2010-08-20 07:05:09', 'image/jpg', 48),
(905, 'cimg7185', '2010-08-20 05:30:11', 'image/jpg', 48),
(906, 'cimg7200', '2010-08-20 06:29:27', 'image/jpg', 48),
(907, 'cimg7202', '2010-08-20 06:38:38', 'image/jpg', 48),
(908, 'cimg7207', '2010-08-20 06:55:47', 'image/jpg', 48),
(909, 'cimg7229', '2010-08-20 09:33:55', 'image/jpg', 48),
(910, 'cimg7234', '2010-08-20 09:46:35', 'image/jpg', 48),
(911, 'cimg7236', '2010-08-20 09:46:50', 'image/jpg', 48),
(912, 'cimg7214', '2010-08-20 07:07:50', 'image/jpg', 48),
(913, 'cimg7208', '2010-08-20 07:01:50', 'image/jpg', 48),
(914, 'cimg7217', '2010-08-20 07:30:27', 'image/jpg', 48),
(915, 'cimg7238', '2010-08-20 09:47:20', 'image/jpg', 48),
(916, 'cimg7241', '2010-08-20 09:50:23', 'image/jpg', 48),
(917, 'cimg7269', '2010-08-20 10:22:08', 'image/jpg', 48),
(918, 'cimg7247', '2010-08-20 10:02:15', 'image/jpg', 48),
(919, 'cimg7213', '2010-08-20 07:07:44', 'image/jpg', 48),
(920, 'cimg7270', '2010-08-20 11:11:14', 'image/jpg', 48),
(921, 'cimg7262', '2010-08-20 10:20:08', 'image/jpg', 48),
(922, 'cimg7242', '2010-08-20 09:54:26', 'image/jpg', 48),
(923, 'cimg7219', '2010-08-20 07:34:01', 'image/jpg', 48),
(924, 'cimg7264', '2010-08-20 10:20:37', 'image/jpg', 48),
(925, 'cimg7221', '2010-08-20 07:34:31', 'image/jpg', 48),
(926, 'cimg7271', '2010-08-20 11:11:33', 'image/jpg', 48),
(927, 'cimg7240', '2010-08-20 09:48:44', 'image/jpg', 48),
(928, 'cimg7274', '2010-08-20 11:12:44', 'image/jpg', 48),
(929, 'cimg7251', '2010-08-20 10:05:29', 'image/jpg', 48),
(930, 'cimg7256', '2010-08-20 10:11:26', 'image/jpg', 48),
(931, 'cimg7285', '2010-08-20 13:20:44', 'image/jpg', 48),
(932, 'cimg7225', '2010-08-20 09:32:15', 'image/jpg', 48),
(933, 'cimg7281', '2010-08-20 12:07:02', 'image/jpg', 48),
(934, 'cimg7286', '2010-08-20 13:20:59', 'image/jpg', 48),
(935, 'cimg7287', '2010-08-20 13:21:30', 'image/jpg', 48),
(936, 'cimg7276', '2010-08-20 12:03:32', 'image/jpg', 48),
(937, 'cimg7303', '2010-08-20 14:31:52', 'image/jpg', 48),
(938, 'cimg7272', '2010-08-20 11:11:38', 'image/jpg', 48),
(939, 'cimg7277', '2010-08-20 12:03:51', 'image/jpg', 48),
(940, 'cimg7304', '2010-08-20 15:04:32', 'image/jpg', 48),
(941, 'cimg7305', '2010-08-20 15:16:41', 'image/jpg', 48),
(942, 'cimg7306', '2010-08-20 15:22:06', 'image/jpg', 48),
(943, 'cimg7307', '2010-08-20 15:26:25', 'image/jpg', 48),
(944, 'cimg7250', '2010-08-20 10:03:38', 'image/jpg', 48),
(945, 'cimg7275', '2010-08-20 11:52:52', 'image/jpg', 48),
(946, 'cimg7280', '2010-08-20 12:05:06', 'image/jpg', 48),
(947, 'cimg7278', '2010-08-20 12:04:35', 'image/jpg', 48),
(948, 'cimg7279', '2010-08-20 12:04:45', 'image/jpg', 48),
(949, 'cimg7309', '2010-08-21 00:48:15', 'image/jpg', 48),
(950, 'cimg7311', '2010-08-21 03:18:35', 'image/jpg', 48),
(951, 'cimg7312', '2010-08-21 03:18:55', 'image/jpg', 48),
(952, 'cimg7313', '2010-09-24 08:26:41', 'image/jpg', 49),
(953, 'cimg7318', '2010-09-24 10:59:21', 'image/jpg', 49),
(954, 'cimg7356', '2010-09-24 15:51:04', 'image/jpg', 49),
(955, 'cimg7314', '2010-09-24 10:46:43', 'image/jpg', 49),
(956, 'cimg7316', '2010-09-24 10:47:32', 'image/jpg', 49),
(957, 'cimg7355', '2010-09-24 15:50:58', 'image/jpg', 49),
(958, 'cimg7352', '2010-09-24 15:49:48', 'image/jpg', 49),
(959, 'cimg7364', '2010-09-24 15:52:02', 'image/jpg', 49),
(960, 'cimg7369', '2010-09-24 15:52:53', 'image/jpg', 49),
(961, 'cimg7362', '2010-09-24 15:51:47', 'image/jpg', 49),
(962, 'cimg7319', '2010-09-24 12:36:54', 'image/jpg', 49),
(963, 'cimg7324', '2010-09-24 15:01:47', 'image/jpg', 49),
(964, 'cimg7358', '2010-09-24 15:51:18', 'image/jpg', 49),
(965, 'cimg7371', '2010-09-24 15:53:09', 'image/jpg', 49),
(966, 'cimg7320', '2010-09-24 12:37:30', 'image/jpg', 49),
(967, 'cimg7328', '2010-09-24 15:20:05', 'image/jpg', 49),
(968, 'cimg7325', '2010-09-24 15:19:52', 'image/jpg', 49),
(969, 'cimg7391', '2010-09-24 16:05:22', 'image/jpg', 49),
(970, 'cimg7370', '2010-09-24 15:53:01', 'image/jpg', 49),
(971, 'cimg7337', '2010-09-24 15:23:24', 'image/jpg', 49),
(972, 'cimg7331', '2010-09-24 15:20:20', 'image/jpg', 49),
(973, 'cimg7338', '2010-09-24 15:27:55', 'image/jpg', 49),
(974, 'cimg7385', '2010-09-24 16:01:40', 'image/jpg', 49),
(975, 'cimg7414', '2010-09-24 16:19:03', 'image/jpg', 49),
(976, 'cimg7416', '2010-09-24 16:28:51', 'image/jpg', 49),
(977, 'cimg7407', '2010-09-24 16:13:18', 'image/jpg', 49),
(978, 'cimg7330', '2010-09-24 15:20:15', 'image/jpg', 49),
(979, 'cimg7403', '2010-09-24 16:07:15', 'image/jpg', 49),
(980, 'cimg7336', '2010-09-24 15:22:51', 'image/jpg', 49),
(981, 'cimg7394', '2010-09-24 16:05:58', 'image/jpg', 49),
(982, 'cimg7343', '2010-09-24 15:36:23', 'image/jpg', 49),
(983, 'cimg7410', '2010-09-24 16:15:30', 'image/jpg', 49),
(984, 'cimg7321', '2010-09-24 14:54:00', 'image/jpg', 49),
(985, 'cimg7333', '2010-09-24 15:21:01', 'image/jpg', 49),
(986, 'cimg7322', '2010-09-24 14:54:34', 'image/jpg', 49),
(987, 'cimg7344', '2010-09-24 15:36:55', 'image/jpg', 49),
(988, 'cimg7408', '2010-09-24 16:13:46', 'image/jpg', 49),
(989, 'cimg7361', '2010-09-24 15:51:38', 'image/jpg', 49),
(990, 'cimg7421', '2010-09-24 16:54:40', 'image/jpg', 49),
(991, 'cimg7422', '2010-09-24 17:14:54', 'image/jpg', 49),
(992, 'cimg7363', '2010-09-24 15:51:55', 'image/jpg', 49),
(993, 'cimg7323', '2010-09-24 15:00:12', 'image/jpg', 49),
(994, 'cimg7340', '2010-09-24 15:32:16', 'image/jpg', 49),
(995, 'cimg7415', '2010-09-24 16:19:26', 'image/jpg', 49),
(996, 'cimg7341', '2010-09-24 15:33:36', 'image/jpg', 49),
(997, 'cimg7412', '2010-09-24 16:18:14', 'image/jpg', 49),
(998, 'cimg7347', '2010-09-24 15:40:50', 'image/jpg', 49),
(999, 'cimg7349', '2010-09-24 15:44:47', 'image/jpg', 49),
(1000, 'cimg7419', '2010-09-24 16:53:57', 'image/jpg', 49),
(1001, 'cimg7417', '2010-09-24 16:52:13', 'image/jpg', 49),
(1002, 'cimg7431', '2010-10-01 11:50:15', 'image/jpg', 50),
(1003, 'cimg7437', '2010-10-01 11:56:35', 'image/jpg', 50),
(1004, 'cimg7451', '2010-10-01 12:33:53', 'image/jpg', 50),
(1005, 'cimg7479', '2010-10-01 13:46:55', 'image/jpg', 50),
(1006, 'cimg7442', '2010-10-01 11:59:47', 'image/jpg', 50),
(1007, 'cimg7443', '2010-10-01 12:00:06', 'image/jpg', 50),
(1008, 'cimg7435', '2010-10-01 11:51:29', 'image/jpg', 50),
(1009, 'cimg7446', '2010-10-01 12:02:51', 'image/jpg', 50),
(1010, 'cimg7439', '2010-10-01 11:57:16', 'image/jpg', 50),
(1011, 'cimg7427', '2010-10-01 10:07:11', 'image/jpg', 50),
(1012, 'cimg7448', '2010-10-01 12:16:16', 'image/jpg', 50),
(1013, 'cimg7429', '2010-10-01 11:17:06', 'image/jpg', 50),
(1014, 'cimg7430', '2010-10-01 11:17:15', 'image/jpg', 50),
(1015, 'cimg7426', '2010-10-01 10:06:54', 'image/jpg', 50),
(1016, 'cimg7460', '2010-10-01 13:40:19', 'image/jpg', 50),
(1017, 'cimg7477', '2010-10-01 13:45:38', 'image/jpg', 50),
(1018, 'cimg7436', '2010-10-01 11:54:24', 'image/jpg', 50),
(1019, 'cimg7474', '2010-10-01 13:44:45', 'image/jpg', 50),
(1020, 'cimg7438', '2010-10-01 11:56:57', 'image/jpg', 50),
(1021, 'cimg7441', '2010-10-01 11:58:56', 'image/jpg', 50),
(1022, 'cimg7444', '2010-10-01 12:00:45', 'image/jpg', 50),
(1023, 'cimg7445', '2010-10-01 12:02:34', 'image/jpg', 50),
(1024, 'cimg7449', '2010-10-01 12:20:11', 'image/jpg', 50),
(1025, 'cimg7453', '2010-10-01 12:34:21', 'image/jpg', 50),
(1026, 'cimg7490', '2010-10-01 13:56:48', 'image/jpg', 50),
(1027, 'cimg7486', '2010-10-01 13:55:35', 'image/jpg', 50),
(1028, 'cimg7484', '2010-10-01 13:55:06', 'image/jpg', 50),
(1029, 'cimg7461', '2010-10-01 13:40:49', 'image/jpg', 50),
(1030, 'cimg7459', '2010-10-01 13:40:07', 'image/jpg', 50),
(1031, 'cimg7462', '2010-10-01 13:41:12', 'image/jpg', 50),
(1032, 'cimg7464', '2010-10-01 13:41:55', 'image/jpg', 50),
(1033, 'cimg7487', '2010-10-01 13:55:49', 'image/jpg', 50),
(1034, 'cimg7497', '2010-10-08 14:28:05', 'image/jpg', 51),
(1035, 'cimg7572', '2010-10-08 17:08:32', 'image/jpg', 51),
(1036, 'cimg7546', '2010-10-08 16:10:16', 'image/jpg', 51),
(1037, 'cimg7502', '2010-10-08 14:33:15', 'image/jpg', 51),
(1038, 'cimg7501', '2010-10-08 14:30:41', 'image/jpg', 51),
(1039, 'cimg7498', '2010-10-08 14:28:17', 'image/jpg', 51),
(1040, 'cimg7509', '2010-10-08 15:52:38', 'image/jpg', 51),
(1041, 'cimg7515', '2010-10-08 15:55:48', 'image/jpg', 51),
(1042, 'cimg7512', '2010-10-08 15:55:12', 'image/jpg', 51),
(1043, 'cimg7504', '2010-10-08 14:36:12', 'image/jpg', 51),
(1044, 'cimg7508', '2010-10-08 15:52:28', 'image/jpg', 51),
(1045, 'cimg7522', '2010-10-08 15:59:54', 'image/jpg', 51),
(1046, 'cimg7525', '2010-10-08 16:00:43', 'image/jpg', 51),
(1047, 'cimg7527', '2010-10-08 16:01:31', 'image/jpg', 51),
(1048, 'cimg7529', '2010-10-08 16:01:45', 'image/jpg', 51),
(1049, 'cimg7545', '2010-10-08 16:08:31', 'image/jpg', 51),
(1050, 'cimg7548', '2010-10-08 16:19:25', 'image/jpg', 51),
(1051, 'cimg7499', '2010-10-08 14:29:09', 'image/jpg', 51),
(1052, 'cimg7549', '2010-10-08 16:19:50', 'image/jpg', 51),
(1053, 'cimg7552', '2010-10-08 16:42:16', 'image/jpg', 51),
(1054, 'cimg7550', '2010-10-08 16:19:56', 'image/jpg', 51),
(1055, 'cimg7551', '2010-10-08 16:28:43', 'image/jpg', 51),
(1056, 'cimg7554', '2010-10-08 16:43:31', 'image/jpg', 51),
(1057, 'cimg7555', '2010-10-08 16:44:15', 'image/jpg', 51),
(1058, 'cimg7517', '2010-10-08 15:56:34', 'image/jpg', 51),
(1059, 'cimg7519', '2010-10-08 15:57:34', 'image/jpg', 51),
(1060, 'cimg7520', '2010-10-08 15:58:27', 'image/jpg', 51),
(1061, 'cimg7506', '2010-10-08 15:51:50', 'image/jpg', 51),
(1062, 'cimg7534', '2010-10-08 16:03:35', 'image/jpg', 51),
(1063, 'cimg7567', '2010-10-08 17:06:11', 'image/jpg', 51),
(1064, 'cimg7568', '2010-10-08 17:06:57', 'image/jpg', 51),
(1065, 'cimg7569', '2010-10-08 17:07:12', 'image/jpg', 51),
(1066, 'cimg7557', '2010-10-08 16:44:49', 'image/jpg', 51),
(1067, 'cimg7571', '2010-10-08 17:08:12', 'image/jpg', 51),
(1068, 'cimg7558', '2010-10-08 16:45:05', 'image/jpg', 51),
(1069, 'cimg7559', '2010-10-08 17:03:11', 'image/jpg', 51),
(1070, 'cimg7561', '2010-10-08 17:03:57', 'image/jpg', 51),
(1071, 'cimg7577', '2010-10-08 17:13:00', 'image/jpg', 51),
(1072, 'cimg7505', '2010-10-08 14:36:20', 'image/jpg', 51),
(1073, 'cimg7514', '2010-10-08 15:55:29', 'image/jpg', 51),
(1074, 'cimg7562', '2010-10-08 17:04:08', 'image/jpg', 51),
(1075, 'cimg7521', '2010-10-08 15:59:22', 'image/jpg', 51),
(1076, 'cimg7563', '2010-10-08 17:05:02', 'image/jpg', 51),
(1077, 'cimg7578', '2010-10-08 17:13:47', 'image/jpg', 51),
(1078, 'cimg7580', '2010-10-08 17:18:25', 'image/jpg', 51),
(1079, 'cimg7581', '2010-10-08 17:20:21', 'image/jpg', 51),
(1080, 'cimg7564', '2010-10-08 17:05:21', 'image/jpg', 51),
(1081, 'cimg7523', '2010-10-08 16:00:21', 'image/jpg', 51),
(1082, 'cimg7530', '2010-10-08 16:02:04', 'image/jpg', 51),
(1083, 'cimg7531', '2010-10-08 16:02:33', 'image/jpg', 51),
(1084, 'cimg7565', '2010-10-08 17:05:30', 'image/jpg', 51),
(1085, 'cimg7583', '2010-10-08 17:32:35', 'image/jpg', 51),
(1086, 'cimg7536', '2010-10-08 16:04:17', 'image/jpg', 51),
(1087, 'cimg7539', '2010-10-08 16:05:26', 'image/jpg', 51),
(1088, 'cimg7541', '2010-10-08 16:05:58', 'image/jpg', 51),
(1089, 'cimg7543', '2010-10-08 16:06:15', 'image/jpg', 51),
(1090, 'cimg7584', '2010-10-08 17:49:53', 'image/jpg', 51),
(1091, 'cimg7587', '2010-10-08 18:16:45', 'image/jpg', 51),
(1092, 'cimg7588', '2010-10-08 18:17:05', 'image/jpg', 51),
(1093, 'cimg7589', '2010-10-08 18:17:19', 'image/jpg', 51),
(1094, 'cimg7590', '2010-10-08 18:32:56', 'image/jpg', 51),
(1095, 'cimg7594', '2010-10-08 18:33:24', 'image/jpg', 51),
(1096, 'cimg7595', '2010-10-08 18:33:30', 'image/jpg', 51),
(1097, 'cimg7597', '2010-10-08 18:34:20', 'image/jpg', 51),
(1098, 'cimg7598', '2010-10-08 18:39:05', 'image/jpg', 51),
(1099, 'cimg7601', '2010-10-08 18:39:51', 'image/jpg', 51),
(1100, 'cimg7602', '2010-10-08 18:40:27', 'image/jpg', 51),
(1101, 'cimg7603', '2010-10-08 18:41:05', 'image/jpg', 51),
(1102, 'cimg7606', '2010-10-08 20:01:36', 'image/jpg', 51),
(1103, 'cimg7609', '2010-10-08 20:17:58', 'image/jpg', 51),
(1104, 'cimg7610', '2010-10-08 20:18:19', 'image/jpg', 51),
(1105, 'cimg7611', '2010-10-08 20:18:58', 'image/jpg', 51),
(1106, 'cimg7613', '2010-10-08 20:19:21', 'image/jpg', 51),
(1107, 'cimg7616', '2010-10-08 20:26:36', 'image/jpg', 51),
(1108, 'cimg7617', '2010-10-08 20:48:19', 'image/jpg', 51),
(1109, '20170128_201522', '2017-01-28 20:15:22', 'image/jpg', 52),
(1110, '20170128_185811', '2017-01-28 18:58:10', 'image/jpg', 52),
(1111, '20170128_201448', '2017-01-28 20:14:47', 'image/jpg', 52),
(1112, '20170128_210435', '2017-01-28 21:04:34', 'image/jpg', 52),
(1113, '20170128_201451', '2017-01-28 20:14:50', 'image/jpg', 52),
(1114, '20170128_210419', '2017-01-28 21:04:18', 'image/jpg', 52),
(1115, '20170128_185906', '2017-01-28 18:59:05', 'image/jpg', 52),
(1116, '20170128_214817', '2017-01-28 21:48:17', 'image/jpg', 52),
(1117, '20170128_201428', '2017-01-28 20:14:27', 'image/jpg', 52),
(1118, '20170128_214846', '2017-01-28 21:48:45', 'image/jpg', 52),
(1119, '20170128_222425', '2017-01-28 22:24:25', 'image/jpg', 52),
(1120, '20170128_214824', '2017-01-28 21:48:24', 'image/jpg', 52),
(1121, '20170128_222409', '2017-01-28 22:24:08', 'image/jpg', 52),
(1122, 'cimg7638', '2010-10-15 15:25:04', 'image/jpg', 52),
(1123, '20170128_222730', '2017-01-28 22:27:29', 'image/jpg', 52),
(1124, '20170128_210425', '2017-01-28 21:04:24', 'image/jpg', 52),
(1125, '20170128_222740', '2017-01-28 22:27:40', 'image/jpg', 52),
(1126, '20170128_224847', '2017-01-28 22:48:47', 'image/jpg', 52),
(1127, '20170128_224919', '2017-01-28 22:49:18', 'image/jpg', 52),
(1128, '20170128_185829', '2017-01-28 18:58:29', 'image/jpg', 52),
(1129, '20170128_222431', '2017-01-28 22:24:31', 'image/jpg', 52),
(1130, '20170128_222755', '2017-01-28 22:27:55', 'image/jpg', 52),
(1131, '20170128_224854', '2017-01-28 22:48:51', 'image/jpg', 52),
(1132, '20170128_224905', '2017-01-28 22:49:04', 'image/jpg', 52),
(1133, '20170128_224858', '2017-01-28 22:48:58', 'image/jpg', 52),
(1134, 'cimg7640', '2010-10-15 15:25:28', 'image/jpg', 52),
(1135, '20170128_224912', '2017-01-28 22:49:11', 'image/jpg', 52),
(1136, 'cimg7642', '2010-10-15 15:29:04', 'image/jpg', 52),
(1137, 'cimg7645', '2010-10-15 15:43:09', 'image/jpg', 52),
(1138, 'cimg7650', '2010-10-15 15:51:31', 'image/jpg', 52),
(1139, 'cimg7652', '2010-10-15 15:51:55', 'image/jpg', 52),
(1140, 'cimg7657', '2010-10-15 16:26:55', 'image/jpg', 52),
(1141, 'cimg7661', '2010-10-15 16:31:00', 'image/jpg', 52),
(1142, 'cimg7644', '2010-10-15 15:43:02', 'image/jpg', 52),
(1143, 'cimg7646', '2010-10-15 15:43:16', 'image/jpg', 52),
(1144, 'cimg7651', '2010-10-15 15:51:38', 'image/jpg', 52),
(1145, 'cimg7654', '2010-10-15 15:52:46', 'image/jpg', 52),
(1146, 'cimg7655', '2010-10-15 15:53:24', 'image/jpg', 52),
(1147, 'cimg7658', '2010-10-15 16:27:09', 'image/jpg', 52),
(1148, 'cimg7662', '2010-10-16 03:30:49', 'image/jpg', 52),
(1149, 'cimg7663', '2010-10-16 03:30:58', 'image/jpg', 52),
(1150, 'cimg7666', '2010-10-16 03:31:19', 'image/jpg', 52),
(1151, '20170129_010332', '2017-01-29 01:03:31', 'image/jpg', 52),
(1152, '20170129_022713', '2017-01-29 02:27:12', 'image/jpg', 52),
(1153, '20170129_022720', '2017-01-29 02:27:18', 'image/jpg', 52),
(1154, 'cimg7620', '2010-10-15 08:53:09', 'image/jpg', 52),
(1155, 'cimg7621', '2010-10-15 10:40:44', 'image/jpg', 52),
(1156, 'cimg7622', '2010-10-15 10:52:20', 'image/jpg', 52),
(1157, 'cimg7623', '2010-10-15 12:21:18', 'image/jpg', 52),
(1158, 'cimg7624', '2010-10-15 12:21:48', 'image/jpg', 52),
(1159, 'cimg7625', '2010-10-15 12:28:51', 'image/jpg', 52),
(1160, 'cimg7626', '2010-10-15 12:28:59', 'image/jpg', 52),
(1161, 'cimg7627', '2010-10-15 12:35:42', 'image/jpg', 52),
(1162, 'cimg7628', '2010-10-15 12:35:49', 'image/jpg', 52),
(1163, 'cimg7629', '2010-10-15 12:42:22', 'image/jpg', 52),
(1164, 'cimg7630', '2010-10-15 14:27:44', 'image/jpg', 52),
(1165, 'cimg7631', '2010-10-15 14:27:57', 'image/jpg', 52),
(1166, 'cimg7632', '2010-10-15 14:28:02', 'image/jpg', 52),
(1167, 'cimg7636', '2010-10-15 14:34:13', 'image/jpg', 52),
(1168, '20170204_203626', '2017-02-04 20:36:26', 'image/jpg', 53),
(1169, '20170204_203526', '2017-02-04 20:35:25', 'image/jpg', 53),
(1170, '20170204_203547', '2017-02-04 20:35:46', 'image/jpg', 53),
(1171, '20170204_203637', '2017-02-04 20:36:37', 'image/jpg', 53),
(1172, '20170204_203604', '2017-02-04 20:36:03', 'image/jpg', 53),
(1173, '20170204_203611', '2017-02-04 20:36:11', 'image/jpg', 53),
(1174, '20170204_210230', '2017-02-04 21:02:29', 'image/jpg', 53),
(1175, '20170204_224616', '2017-02-04 22:46:15', 'image/jpg', 53),
(1176, '20170204_203554', '2017-02-04 20:35:53', 'image/jpg', 53),
(1177, '20170204_210210', '2017-02-04 21:02:10', 'image/jpg', 53),
(1178, '20170204_233626', '2017-02-04 23:36:25', 'image/jpg', 53),
(1179, '20170205_000439', '2017-02-05 00:04:38', 'image/jpg', 53),
(1180, '20170204_224423', '2017-02-04 22:44:23', 'image/jpg', 53),
(1181, '20170204_214824', '2017-02-04 21:48:23', 'image/jpg', 53),
(1182, '20170204_224231', '2017-02-04 22:42:30', 'image/jpg', 53),
(1183, '20170205_013646', '2017-02-05 01:36:46', 'image/jpg', 53),
(1184, '20170205_022248', '2017-02-05 02:22:47', 'image/jpg', 53),
(1185, '20170204_203531', '2017-02-04 20:35:30', 'image/jpg', 53),
(1186, '20170204_233536', '2017-02-04 23:35:34', 'image/jpg', 53),
(1187, '20170204_203538', '2017-02-04 20:35:38', 'image/jpg', 53),
(1188, '20170204_210202', '2017-02-04 21:02:02', 'image/jpg', 53),
(1189, '20170204_223405', '2017-02-04 22:34:04', 'image/jpg', 53),
(1190, '20170205_022259', '2017-02-05 02:22:58', 'image/jpg', 53),
(1191, '20170205_000259', '2017-02-05 00:02:58', 'image/jpg', 53),
(1192, '20170205_000307', '2017-02-05 00:03:05', 'image/jpg', 53),
(1193, '20170205_013657', '2017-02-05 01:36:56', 'image/jpg', 53),
(1194, '20170205_000334', '2017-02-05 00:03:34', 'image/jpg', 53),
(1195, '20170204_224239', '2017-02-04 22:42:38', 'image/jpg', 53),
(1196, '20170205_013623', '2017-02-05 00:04:38', 'image/jpg', 53),
(1197, '20170205_000355', '2017-02-05 00:03:55', 'image/jpg', 53),
(1198, '20170211_163228', '2017-02-11 16:32:27', 'image/jpg', 54),
(1199, '20170211_154135', '2017-02-11 15:41:35', 'image/jpg', 54),
(1200, '20170211_220751', '2017-02-11 22:07:50', 'image/jpg', 54),
(1201, '20170211_182806', '2017-02-11 18:28:05', 'image/jpg', 54),
(1202, '20170211_202549', '2017-02-11 20:25:49', 'image/jpg', 54),
(1203, '20170211_154129', '2017-02-11 15:41:28', 'image/jpg', 54),
(1204, '20170211_194630', '2017-02-11 19:46:29', 'image/jpg', 54),
(1205, '20170211_194638', '2017-02-11 19:46:38', 'image/jpg', 54),
(1206, '20170211_202628', '2017-02-11 20:26:27', 'image/jpg', 54),
(1207, '20170211_205415', '2017-02-11 20:54:14', 'image/jpg', 54),
(1208, '20170211_163754', '2017-02-11 16:37:54', 'image/jpg', 54),
(1209, '20170211_183152', '2017-02-11 18:31:51', 'image/jpg', 54),
(1210, '20170211_205550', '2017-02-11 20:55:49', 'image/jpg', 54),
(1211, '20170211_220930', '2017-02-11 22:09:29', 'image/jpg', 54),
(1212, '20170211_202542', '2017-02-11 20:25:41', 'image/jpg', 54),
(1213, '20170211_202533', '2017-02-11 20:25:33', 'image/jpg', 54),
(1214, '20170211_170028', '2017-02-11 17:00:27', 'image/jpg', 54),
(1215, '20170211_202705', '2017-02-11 20:27:04', 'image/jpg', 54),
(1216, '20170211_222345', '2017-02-11 22:23:44', 'image/jpg', 54),
(1217, '20170211_205531', '2017-02-11 20:55:30', 'image/jpg', 54),
(1218, '20170211_222338', '2017-02-11 22:23:37', 'image/jpg', 54),
(1219, '20170211_182811', '2017-02-11 18:28:10', 'image/jpg', 54),
(1220, '20170211_220758', '2017-02-11 22:07:57', 'image/jpg', 54),
(1221, '20170211_154052', '2017-02-11 15:40:51', 'image/jpg', 54),
(1222, '20170211_163750', '2017-02-11 16:37:49', 'image/jpg', 54),
(1223, '20170211_205541', '2017-02-11 20:55:40', 'image/jpg', 54),
(1224, '20170211_214520', '2017-02-11 21:45:19', 'image/jpg', 54),
(1225, '20170212_014458', '2017-02-12 01:44:57', 'image/jpg', 54),
(1226, '20170211_214458', '2017-02-11 21:44:57', 'image/jpg', 54),
(1227, '20170211_205419', '2017-02-11 20:54:19', 'image/jpg', 54),
(1228, '20170211_213917', '2017-02-11 21:39:16', 'image/jpg', 54),
(1229, '20170211_231743', '2017-02-11 23:17:42', 'image/jpg', 54),
(1230, '20170211_213931', '2017-02-11 21:39:30', 'image/jpg', 54),
(1231, '20170211_182820', '2017-02-11 18:28:19', 'image/jpg', 54),
(1232, '20170211_205558', '2017-02-11 20:55:57', 'image/jpg', 54),
(1233, '20170211_170037', '2017-02-11 17:00:36', 'image/jpg', 54),
(1234, '20170211_213951', '2017-02-11 21:39:50', 'image/jpg', 54),
(1235, '20170211_163804', '2017-02-11 16:38:03', 'image/jpg', 54),
(1236, '20170211_170020', '2017-02-11 17:00:19', 'image/jpg', 54),
(1237, '20170211_163801', '2017-02-11 16:38:00', 'image/jpg', 54),
(1238, '20170211_220938', '2017-02-11 22:09:37', 'image/jpg', 54),
(1239, '20170211_221307', '2017-02-11 22:13:07', 'image/jpg', 54),
(1240, '20170211_214425', '2017-02-11 21:44:24', 'image/jpg', 54),
(1241, '20170211_220810', '2017-02-11 22:08:09', 'image/jpg', 54),
(1242, '20170211_220833', '2017-02-11 22:08:32', 'image/jpg', 54),
(1243, '20170211_221529', '2017-02-11 22:15:28', 'image/jpg', 54),
(1244, '20170212_014438', '2017-02-12 01:44:38', 'image/jpg', 54),
(1245, '20170211_221026', '2017-02-11 22:10:25', 'image/jpg', 54),
(1246, '20170211_221243', '2017-02-11 22:12:42', 'image/jpg', 54),
(1247, '20170212_014425', '2017-02-12 01:44:25', 'image/jpg', 54),
(1248, '20170211_221005', '2017-02-11 22:10:04', 'image/jpg', 54),
(1249, '20170211_202712', '2017-02-11 20:27:11', 'image/jpg', 54),
(1250, '20170211_213923', '2017-02-11 21:39:22', 'image/jpg', 54),
(1251, '20170211_230503', '2017-02-11 23:05:02', 'image/jpg', 54),
(1252, 'cimg7703', '2017-02-18 22:54:43', 'image/jpg', 55),
(1253, 'cimg7673', '2017-02-18 17:28:17', 'image/jpg', 55),
(1254, 'cimg7677', '2017-02-18 21:05:24', 'image/jpg', 55),
(1255, 'cimg7679', '2017-02-18 21:06:05', 'image/jpg', 55),
(1256, 'cimg7671', '2017-02-18 17:27:46', 'image/jpg', 55),
(1257, 'cimg7680', '2017-02-18 21:06:12', 'image/jpg', 55),
(1258, 'cimg7683', '2017-02-18 21:25:16', 'image/jpg', 55),
(1259, 'cimg7681', '2017-02-18 21:06:23', 'image/jpg', 55),
(1260, 'cimg7678', '2017-02-18 21:05:34', 'image/jpg', 55),
(1261, 'cimg7674', '2017-02-18 17:34:28', 'image/jpg', 55),
(1262, 'cimg7672', '2017-02-18 17:28:02', 'image/jpg', 55),
(1263, 'cimg7684', '2017-02-18 21:25:23', 'image/jpg', 55),
(1264, 'cimg7685', '2017-02-18 21:25:32', 'image/jpg', 55),
(1265, 'cimg7698', '2017-02-18 22:48:21', 'image/jpg', 55),
(1266, 'cimg7688', '2017-02-18 21:34:15', 'image/jpg', 55),
(1267, 'cimg7690', '2017-02-18 21:44:42', 'image/jpg', 55),
(1268, 'cimg7695', '2017-02-18 22:40:12', 'image/jpg', 55),
(1269, 'cimg7707', '2017-02-18 23:08:50', 'image/jpg', 55),
(1270, 'cimg7706', '2017-02-18 22:56:54', 'image/jpg', 55),
(1271, 'cimg7702', '2017-02-18 22:50:47', 'image/jpg', 55),
(1272, 'cimg7709', '2017-02-18 23:12:29', 'image/jpg', 55),
(1273, 'cimg7713', '2017-02-18 23:12:56', 'image/jpg', 55),
(1274, 'cimg7715', '2017-02-18 23:13:31', 'image/jpg', 55),
(1275, 'cimg7708', '2017-02-18 23:09:04', 'image/jpg', 55),
(1276, 'cimg7716', '2017-02-18 23:13:39', 'image/jpg', 55),
(1277, 'cimg7717', '2017-02-18 23:17:21', 'image/jpg', 55),
(1278, 'cimg7676', '2017-02-18 20:01:39', 'image/jpg', 55),
(1279, 'cimg7724', '2017-02-18 23:50:52', 'image/jpg', 55),
(1280, 'cimg7719', '2017-02-18 23:21:18', 'image/jpg', 55),
(1281, 'cimg7718', '2017-02-18 23:17:39', 'image/jpg', 55),
(1282, 'cimg7723', '2017-02-18 23:50:46', 'image/jpg', 55),
(1283, 'cimg7727', '2017-02-18 23:52:47', 'image/jpg', 55),
(1284, 'cimg7711', '2017-02-18 23:12:41', 'image/jpg', 55),
(1285, 'cimg7682', '2017-02-18 21:07:03', 'image/jpg', 55),
(1286, 'cimg7726', '2017-02-18 23:51:17', 'image/jpg', 55),
(1287, 'cimg7728', '2017-02-19 00:15:58', 'image/jpg', 55),
(1288, 'cimg7721', '2017-02-18 23:27:38', 'image/jpg', 55),
(1289, 'cimg7675', '2017-02-18 19:59:44', 'image/jpg', 55),
(1290, 'cimg7730', '2017-02-22 18:47:28', 'image/jpg', 56),
(1291, 'cimg7731', '2017-02-22 20:34:47', 'image/jpg', 56),
(1292, 'cimg7733', '2017-02-22 21:09:05', 'image/jpg', 56),
(1293, 'cimg7748', '2017-02-22 22:21:41', 'image/jpg', 56),
(1294, 'cimg7732', '2017-02-22 20:35:17', 'image/jpg', 56),
(1295, 'cimg7752', '2017-02-22 22:25:38', 'image/jpg', 56),
(1296, 'cimg7743', '2017-02-22 22:14:03', 'image/jpg', 56),
(1297, 'cimg7745', '2017-02-22 22:17:37', 'image/jpg', 56),
(1298, 'cimg7734', '2017-02-22 22:10:29', 'image/jpg', 56),
(1299, 'cimg7740', '2017-02-22 22:12:15', 'image/jpg', 56),
(1300, 'cimg7755', '2017-02-22 22:50:54', 'image/jpg', 56),
(1301, 'cimg7747', '2017-02-22 22:19:34', 'image/jpg', 56),
(1302, 'cimg7750', '2017-02-22 22:24:27', 'image/jpg', 56),
(1303, 'cimg7757', '2017-02-23 00:10:39', 'image/jpg', 56),
(1304, 'cimg7741', '2017-02-22 22:12:26', 'image/jpg', 56),
(1305, 'cimg7754', '2017-02-22 22:44:10', 'image/jpg', 56),
(1306, 'cimg7736', '2017-02-22 22:10:45', 'image/jpg', 56),
(1307, 'cimg7756', '2017-02-22 22:54:20', 'image/jpg', 56),
(1308, 'cimg7759', '2017-02-23 00:14:29', 'image/jpg', 56),
(1309, 'cimg7761', '2017-02-23 00:31:31', 'image/jpg', 56),
(1310, 'cimg7763', '2017-02-23 16:37:02', 'image/jpg', 57),
(1311, 'cimg7762', '2017-02-23 16:36:48', 'image/jpg', 57),
(1312, 'cimg7764', '2017-02-23 16:46:01', 'image/jpg', 57),
(1313, 'cimg7770', '2017-02-23 19:31:01', 'image/jpg', 57),
(1314, 'cimg7767', '2017-02-23 17:14:16', 'image/jpg', 57),
(1315, 'cimg7766', '2017-02-23 17:08:02', 'image/jpg', 57),
(1316, 'cimg7774', '2017-02-23 21:52:25', 'image/jpg', 57),
(1317, 'cimg7797', '2017-02-24 00:05:11', 'image/jpg', 57),
(1318, 'cimg7768', '2017-02-23 17:56:55', 'image/jpg', 57),
(1319, 'cimg7777', '2017-02-23 22:43:39', 'image/jpg', 57),
(1320, 'cimg7771', '2017-02-23 19:42:01', 'image/jpg', 57),
(1321, 'cimg7775', '2017-02-23 22:43:23', 'image/jpg', 57),
(1322, 'cimg7769', '2017-02-23 19:30:53', 'image/jpg', 57),
(1323, 'cimg7782', '2017-02-23 23:58:43', 'image/jpg', 57),
(1324, 'cimg7800', '2017-02-24 00:08:26', 'image/jpg', 57),
(1325, 'cimg7807', '2017-02-24 01:30:41', 'image/jpg', 57),
(1326, 'cimg7772', '2017-02-23 19:50:30', 'image/jpg', 57),
(1327, 'cimg7809', '2017-02-24 01:34:12', 'image/jpg', 57),
(1328, 'cimg7798', '2017-02-24 00:05:26', 'image/jpg', 57),
(1329, 'cimg7808', '2017-02-24 01:30:51', 'image/jpg', 57),
(1330, 'cimg7810', '2017-02-24 01:34:18', 'image/jpg', 57),
(1331, 'cimg7788', '2017-02-24 00:02:18', 'image/jpg', 57),
(1332, 'cimg7805', '2017-02-24 01:30:31', 'image/jpg', 57),
(1333, 'cimg7806', '2017-02-24 01:30:37', 'image/jpg', 57),
(1334, 'cimg7815', '2017-02-24 01:37:27', 'image/jpg', 57),
(1335, 'cimg7814', '2017-02-24 01:37:15', 'image/jpg', 57),
(1336, 'cimg7773', '2017-02-23 21:51:01', 'image/jpg', 57),
(1337, 'cimg7785', '2017-02-24 00:01:22', 'image/jpg', 57),
(1338, 'cimg7801', '2017-02-24 00:32:12', 'image/jpg', 57),
(1339, 'cimg7779', '2017-02-23 22:55:40', 'image/jpg', 57),
(1340, 'cimg7781', '2017-02-23 23:58:31', 'image/jpg', 57),
(1341, 'cimg7793', '2017-02-24 00:04:27', 'image/jpg', 57),
(1342, 'cimg7799', '2017-02-24 00:07:24', 'image/jpg', 57),
(1343, 'cimg7780', '2017-02-23 23:53:09', 'image/jpg', 57),
(1344, 'cimg7816', '2017-02-24 01:37:38', 'image/jpg', 57),
(1345, 'cimg7818', '2017-02-24 14:59:42', 'image/jpg', 58),
(1346, 'cimg7822', '2017-02-24 16:40:01', 'image/jpg', 58),
(1347, 'cimg7820', '2017-02-24 16:39:05', 'image/jpg', 58),
(1348, 'cimg7855', '2017-02-24 20:27:09', 'image/jpg', 58),
(1349, 'cimg7823', '2017-02-24 16:40:10', 'image/jpg', 58),
(1350, 'cimg7831', '2017-02-24 17:27:34', 'image/jpg', 58),
(1351, 'cimg7825', '2017-02-24 16:47:17', 'image/jpg', 58),
(1352, 'cimg7856', '2017-02-24 20:40:23', 'image/jpg', 58),
(1353, 'cimg7863', '2017-02-24 21:34:45', 'image/jpg', 58),
(1354, 'cimg7839', '2017-02-24 19:06:38', 'image/jpg', 58),
(1355, 'cimg7845', '2017-02-24 19:43:37', 'image/jpg', 58),
(1356, 'cimg7832', '2017-02-24 17:31:35', 'image/jpg', 58),
(1357, 'cimg7840', '2017-02-24 19:06:44', 'image/jpg', 58),
(1358, 'cimg7830', '2017-02-24 16:50:23', 'image/jpg', 58),
(1359, 'cimg7817', '2017-02-24 14:59:22', 'image/jpg', 58),
(1360, 'cimg7846', '2017-02-24 19:43:52', 'image/jpg', 58),
(1361, 'cimg7836', '2017-02-24 17:36:02', 'image/jpg', 58),
(1362, 'cimg7857', '2017-02-24 20:40:49', 'image/jpg', 58),
(1363, 'cimg7847', '2017-02-24 20:09:46', 'image/jpg', 58),
(1364, 'cimg7865', '2017-02-24 21:36:11', 'image/jpg', 58),
(1365, 'cimg7849', '2017-02-24 20:17:14', 'image/jpg', 58),
(1366, 'cimg7858', '2017-02-24 20:41:14', 'image/jpg', 58),
(1367, 'cimg7843', '2017-02-24 19:07:11', 'image/jpg', 58),
(1368, 'cimg7866', '2017-02-24 21:37:50', 'image/jpg', 58),
(1369, 'cimg7852', '2017-02-24 20:26:44', 'image/jpg', 58),
(1370, 'cimg7869', '2017-02-24 22:04:47', 'image/jpg', 58),
(1371, 'cimg7854', '2017-02-24 20:27:04', 'image/jpg', 58),
(1372, 'cimg7872', '2017-02-25 00:38:44', 'image/jpg', 58),
(1373, 'cimg7853', '2017-02-24 20:26:51', 'image/jpg', 58),
(1374, 'cimg7819', '2017-02-24 15:00:02', 'image/jpg', 58),
(1375, 'cimg7867', '2017-02-24 21:39:49', 'image/jpg', 58),
(1376, 'cimg7862', '2017-02-24 21:33:25', 'image/jpg', 58),
(1377, 'cimg7860', '2017-02-24 21:04:42', 'image/jpg', 58),
(1378, 'cimg7870', '2017-02-25 00:37:45', 'image/jpg', 58),
(1379, 'cimg7877', '2017-02-25 02:01:55', 'image/jpg', 58),
(1380, 'cimg7871', '2017-02-25 00:38:23', 'image/jpg', 58),
(1381, 'cimg7864', '2017-02-24 21:34:51', 'image/jpg', 58),
(1382, 'cimg7873', '2017-02-25 00:40:10', 'image/jpg', 58),
(1383, 'cimg7876', '2017-02-25 01:15:43', 'image/jpg', 58),
(1384, 'cimg7879', '2017-02-25 16:09:51', 'image/jpg', 62),
(1385, 'cimg7947', '2017-02-25 23:39:19', 'image/jpg', 62),
(1386, 'cimg7897', '2017-02-25 19:38:20', 'image/jpg', 62),
(1387, 'cimg7883', '2017-02-25 16:13:01', 'image/jpg', 62),
(1388, 'cimg7934', '2017-02-25 22:37:37', 'image/jpg', 62),
(1389, 'cimg7928', '2017-02-25 21:00:56', 'image/jpg', 62),
(1390, 'cimg7938', '2017-02-25 23:15:48', 'image/jpg', 62),
(1391, 'cimg7880', '2017-02-25 16:10:23', 'image/jpg', 62),
(1392, 'cimg7884', '2017-02-25 16:15:24', 'image/jpg', 62),
(1393, 'cimg7915', '2017-02-25 19:46:34', 'image/jpg', 62),
(1394, 'cimg7916', '2017-02-25 19:47:04', 'image/jpg', 62),
(1395, 'cimg7950', '2017-02-25 23:40:17', 'image/jpg', 62),
(1396, 'cimg7921', '2017-02-25 19:49:35', 'image/jpg', 62),
(1397, 'cimg7922', '2017-02-25 19:49:42', 'image/jpg', 62),
(1398, 'cimg7946', '2017-02-25 23:33:18', 'image/jpg', 62),
(1399, 'cimg7923', '2017-02-25 19:50:00', 'image/jpg', 62),
(1400, 'cimg7944', '2017-02-25 23:32:36', 'image/jpg', 62),
(1401, 'cimg7878', '2017-02-25 16:09:41', 'image/jpg', 62),
(1402, 'cimg7956', '2017-02-26 00:24:11', 'image/jpg', 62),
(1403, 'cimg7951', '2017-02-26 00:23:26', 'image/jpg', 62),
(1404, 'cimg7958', '2017-02-26 00:24:33', 'image/jpg', 62),
(1405, 'cimg7924', '2017-02-25 19:50:17', 'image/jpg', 62),
(1406, 'cimg7952', '2017-02-26 00:23:32', 'image/jpg', 62),
(1407, 'cimg7930', '2017-02-25 21:01:12', 'image/jpg', 62),
(1408, 'cimg7954', '2017-02-26 00:23:55', 'image/jpg', 62),
(1409, 'cimg7945', '2017-02-25 23:32:59', 'image/jpg', 62),
(1410, 'cimg7927', '2017-02-25 20:19:17', 'image/jpg', 62),
(1411, 'cimg7959', '2017-02-26 00:24:45', 'image/jpg', 62),
(1412, 'cimg7963', '2017-02-26 00:26:22', 'image/jpg', 62),
(1413, 'cimg7955', '2017-02-26 00:24:03', 'image/jpg', 62),
(1414, 'cimg7964', '2017-02-26 00:26:34', 'image/jpg', 62),
(1415, 'cimg7967', '2017-02-26 00:27:12', 'image/jpg', 62),
(1416, 'cimg7968', '2017-02-26 00:27:31', 'image/jpg', 62),
(1417, 'cimg7969', '2017-02-26 00:27:53', 'image/jpg', 62),
(1418, 'cimg7971', '2017-02-26 00:28:31', 'image/jpg', 62),
(1419, 'cimg7933', '2017-02-25 22:32:28', 'image/jpg', 62),
(1420, 'cimg7935', '2017-02-25 22:37:45', 'image/jpg', 62),
(1421, 'cimg7973', '2017-02-26 00:41:03', 'image/jpg', 62),
(1422, 'cimg7974', '2017-02-26 00:48:55', 'image/jpg', 62),
(1423, 'cimg7895', '2017-02-25 19:37:52', 'image/jpg', 62),
(1424, 'cimg7904', '2017-02-25 19:39:41', 'image/jpg', 62),
(1425, 'cimg7979', '2017-02-26 00:50:09', 'image/jpg', 62),
(1426, 'cimg7980', '2017-02-26 00:50:16', 'image/jpg', 62),
(1427, 'cimg7983', '2017-02-26 00:50:40', 'image/jpg', 62),
(1428, 'cimg7984', '2017-02-26 00:51:02', 'image/jpg', 62),
(1429, 'cimg7985', '2017-02-26 00:51:10', 'image/jpg', 62),
(1430, 'cimg7986', '2017-02-26 00:51:15', 'image/jpg', 62),
(1431, 'cimg7987', '2017-02-26 00:51:24', 'image/jpg', 62),
(1432, 'cimg7988', '2017-02-26 00:51:31', 'image/jpg', 62),
(1433, 'cimg7990', '2017-02-26 03:21:03', 'image/jpg', 62),
(1434, 'cimg8001', '2017-02-26 14:23:04', 'image/jpg', 63),
(1435, 'cimg8032', '2017-02-26 15:45:47', 'image/jpg', 63),
(1436, 'cimg7991', '2017-02-26 12:27:24', 'image/jpg', 63),
(1437, 'cimg7993', '2017-02-26 12:27:38', 'image/jpg', 63),
(1438, 'cimg8005', '2017-02-26 15:15:39', 'image/jpg', 63),
(1439, 'cimg8008', '2017-02-26 15:16:38', 'image/jpg', 63),
(1440, 'cimg7998', '2017-02-26 13:22:59', 'image/jpg', 63),
(1441, 'cimg8020', '2017-02-26 15:43:58', 'image/jpg', 63),
(1442, 'cimg7992', '2017-02-26 12:27:29', 'image/jpg', 63),
(1443, 'cimg8012', '2017-02-26 15:17:23', 'image/jpg', 63),
(1444, 'cimg7995', '2017-02-26 12:30:06', 'image/jpg', 63),
(1445, 'cimg8025', '2017-02-26 15:44:50', 'image/jpg', 63),
(1446, 'cimg8030', '2017-02-26 15:45:23', 'image/jpg', 63),
(1447, 'cimg8017', '2017-02-26 15:43:29', 'image/jpg', 63),
(1448, 'cimg8015', '2017-02-26 15:18:48', 'image/jpg', 63),
(1449, 'cimg8019', '2017-02-26 15:43:53', 'image/jpg', 63),
(1450, 'cimg8031', '2017-02-26 15:45:35', 'image/jpg', 63),
(1451, 'cimg8016', '2017-02-26 15:43:11', 'image/jpg', 63),
(1452, 'cimg8061', '2017-02-27 00:31:23', 'image/jpg', 63),
(1453, 'cimg8060', '2017-02-27 00:31:15', 'image/jpg', 63),
(1454, 'cimg8039', '2017-02-26 20:07:42', 'image/jpg', 63),
(1455, 'cimg8041', '2017-02-26 20:07:58', 'image/jpg', 63),
(1456, 'cimg8021', '2017-02-26 15:44:05', 'image/jpg', 63),
(1457, 'cimg8064', '2017-02-27 00:47:59', 'image/jpg', 63),
(1458, 'cimg8069', '2017-02-27 00:52:08', 'image/jpg', 63),
(1459, 'cimg8036', '2017-02-26 20:06:50', 'image/jpg', 63),
(1460, 'cimg8062', '2017-02-27 00:43:51', 'image/jpg', 63),
(1461, 'cimg8057', '2017-02-26 22:13:06', 'image/jpg', 63),
(1462, 'cimg8071', '2017-02-27 01:28:06', 'image/jpg', 63),
(1463, 'cimg8077', '2017-02-27 02:20:16', 'image/jpg', 63),
(1464, 'cimg8059', '2017-02-27 00:31:10', 'image/jpg', 63),
(1465, 'cimg7996', '2017-02-26 12:30:41', 'image/jpg', 63),
(1466, 'cimg8070', '2017-02-27 01:02:35', 'image/jpg', 63),
(1467, 'cimg8078', '2017-02-27 02:47:32', 'image/jpg', 63),
(1468, 'cimg7999', '2017-02-26 14:22:34', 'image/jpg', 63),
(1469, 'cimg8003', '2017-02-26 15:15:26', 'image/jpg', 63),
(1470, 'cimg8076', '2017-02-27 02:20:09', 'image/jpg', 63),
(1471, 'cimg8063', '2017-02-27 00:45:59', 'image/jpg', 63),
(1472, 'cimg8027', '2017-02-26 15:45:04', 'image/jpg', 63),
(1473, 'cimg8042', '2017-02-26 20:08:08', 'image/jpg', 63),
(1474, 'cimg8079', '2017-02-27 20:41:58', 'image/jpg', 59),
(1475, 'cimg8082', '2017-02-27 21:55:21', 'image/jpg', 59),
(1476, 'cimg8086', '2017-02-27 22:14:52', 'image/jpg', 59),
(1477, 'cimg8084', '2017-02-27 22:06:27', 'image/jpg', 59),
(1478, 'cimg8092', '2017-02-27 22:23:55', 'image/jpg', 59),
(1479, 'cimg8104', '2017-02-28 01:28:53', 'image/jpg', 59),
(1480, 'cimg8093', '2017-02-27 22:24:02', 'image/jpg', 59),
(1481, 'cimg8109', '2017-02-28 01:32:51', 'image/jpg', 59),
(1482, 'cimg8112', '2017-02-28 01:35:36', 'image/jpg', 59),
(1483, 'cimg8087', '2017-02-27 22:22:34', 'image/jpg', 59),
(1484, 'cimg8081', '2017-02-27 21:54:58', 'image/jpg', 59),
(1485, 'cimg8105', '2017-02-28 01:30:53', 'image/jpg', 59),
(1486, 'cimg8099', '2017-02-28 01:25:55', 'image/jpg', 59),
(1487, 'cimg8114', '2017-02-28 01:36:13', 'image/jpg', 59),
(1488, 'cimg8083', '2017-02-27 21:59:01', 'image/jpg', 59),
(1489, 'cimg8120', '2017-02-28 01:39:41', 'image/jpg', 59),
(1490, 'cimg8129', '2017-02-28 01:44:48', 'image/jpg', 59),
(1491, 'cimg8095', '2017-02-27 22:24:53', 'image/jpg', 59),
(1492, 'cimg8097', '2017-02-28 01:09:57', 'image/jpg', 59),
(1493, 'cimg8122', '2017-02-28 01:40:29', 'image/jpg', 59),
(1494, 'cimg8126', '2017-02-28 01:43:38', 'image/jpg', 59),
(1495, 'cimg8080', '2017-02-27 21:54:37', 'image/jpg', 59),
(1496, 'cimg8139', '2017-02-28 02:03:00', 'image/jpg', 59),
(1497, 'cimg8127', '2017-02-28 01:43:45', 'image/jpg', 59),
(1498, 'cimg8098', '2017-02-28 01:20:00', 'image/jpg', 59),
(1499, 'cimg8157', '2017-02-28 03:16:32', 'image/jpg', 59),
(1500, 'cimg8110', '2017-02-28 01:34:31', 'image/jpg', 59),
(1501, 'cimg8115', '2017-02-28 01:36:39', 'image/jpg', 59),
(1502, 'cimg8124', '2017-02-28 01:42:05', 'image/jpg', 59),
(1503, 'cimg8125', '2017-02-28 01:43:01', 'image/jpg', 59),
(1504, 'cimg8137', '2017-02-28 01:52:22', 'image/jpg', 59),
(1505, 'cimg8140', '2017-02-28 02:11:07', 'image/jpg', 59),
(1506, 'cimg8123', '2017-02-28 01:41:50', 'image/jpg', 59),
(1507, 'cimg8132', '2017-02-28 01:45:36', 'image/jpg', 59),
(1508, 'cimg8145', '2017-02-28 02:23:55', 'image/jpg', 59),
(1509, 'cimg8146', '2017-02-28 02:39:14', 'image/jpg', 59),
(1510, 'cimg8134', '2017-02-28 01:46:00', 'image/jpg', 59),
(1511, 'cimg8142', '2017-02-28 02:20:26', 'image/jpg', 59),
(1512, 'cimg8143', '2017-02-28 02:21:33', 'image/jpg', 59),
(1513, 'cimg8154', '2017-02-28 03:15:15', 'image/jpg', 59),
(1514, 'cimg8158', '2017-02-28 03:25:52', 'image/jpg', 59),
(1515, 'cimg8159', '2017-02-28 03:27:27', 'image/jpg', 59),
(1516, 'cimg8169', '2017-02-28 18:50:15', 'image/jpg', 60),
(1517, 'cimg8180', '2017-02-28 18:54:15', 'image/jpg', 60),
(1518, 'cimg8213', '2017-02-28 19:59:58', 'image/jpg', 60),
(1519, 'cimg8170', '2017-02-28 18:51:35', 'image/jpg', 60),
(1520, 'cimg8211', '2017-02-28 19:58:07', 'image/jpg', 60),
(1521, 'cimg8215', '2017-02-28 20:00:18', 'image/jpg', 60),
(1522, 'cimg8166', '2017-02-28 18:47:30', 'image/jpg', 60),
(1523, 'cimg8172', '2017-02-28 18:52:00', 'image/jpg', 60),
(1524, 'cimg8217', '2017-02-28 21:38:38', 'image/jpg', 60),
(1525, 'cimg8167', '2017-02-28 18:48:54', 'image/jpg', 60),
(1526, 'cimg8164', '2017-02-28 17:25:56', 'image/jpg', 60),
(1527, 'cimg8162', '2017-02-28 13:33:47', 'image/jpg', 60),
(1528, 'cimg8189', '2017-02-28 19:00:25', 'image/jpg', 60),
(1529, 'cimg8187', '2017-02-28 18:55:53', 'image/jpg', 60),
(1530, 'cimg8192', '2017-02-28 19:00:58', 'image/jpg', 60),
(1531, 'cimg8188', '2017-02-28 19:00:12', 'image/jpg', 60),
(1532, 'cimg8174', '2017-02-28 18:52:34', 'image/jpg', 60),
(1533, 'cimg8165', '2017-02-28 17:33:58', 'image/jpg', 60),
(1534, 'cimg8181', '2017-02-28 18:54:25', 'image/jpg', 60),
(1535, 'cimg8206', '2017-02-28 19:57:06', 'image/jpg', 60),
(1536, 'cimg8202', '2017-02-28 19:04:04', 'image/jpg', 60),
(1537, 'cimg8208', '2017-02-28 19:57:27', 'image/jpg', 60),
(1538, 'cimg8214', '2017-02-28 20:00:09', 'image/jpg', 60),
(1539, 'cimg8210', '2017-02-28 19:57:50', 'image/jpg', 60),
(1540, 'cimg8212', '2017-02-28 19:59:35', 'image/jpg', 60),
(1541, 'cimg8218', '2017-02-28 22:04:33', 'image/jpg', 60);

-- --------------------------------------------------------

--
-- Tabellenstruktur für Tabelle `fototermin`
--

CREATE TABLE `fototermin` (
  `id` int(4) UNSIGNED NOT NULL,
  `termin` varchar(100) NOT NULL
) ENGINE=InnoDB DEFAULT CHARSET=latin1;

--
-- Daten für Tabelle `fototermin`
--

INSERT INTO `fototermin` (`id`, `termin`) VALUES
(1, 'Friitig, 26. August 2016 ab 19.00 Uhr'),
(2, 'Sonntig, 28. August 2016 ab 16.00 Uhr'),
(3, 'Mettwoch, 31. August 2016 ab 19.00 Uhr'),
(4, 'Friitig, 2. September 2016 ab 19.00 Uhr (Reservedatom)'),
(5, 'Cha leider a kem Datom');

-- --------------------------------------------------------

--
-- Tabellenstruktur für Tabelle `fototermin_mitglied`
--

CREATE TABLE `fototermin_mitglied` (
  `id` int(4) UNSIGNED NOT NULL,
  `fk_termin` int(4) UNSIGNED DEFAULT NULL,
  `fk_mitglied` int(4) UNSIGNED DEFAULT NULL
) ENGINE=InnoDB DEFAULT CHARSET=latin1;

--
-- Daten für Tabelle `fototermin_mitglied`
--

INSERT INTO `fototermin_mitglied` (`id`, `fk_termin`, `fk_mitglied`) VALUES
(28, 4, 1),
(10, 3, 2),
(18, 1, 3),
(26, 3, 4),
(14, 1, 7),
(33, 4, 9),
(21, 2, 10),
(43, 4, 11),
(37, 3, 12),
(31, 1, 14),
(19, 1, 15),
(13, 1, 16),
(41, 3, 17),
(23, 3, 18),
(11, 2, 21),
(20, 1, 22),
(39, 4, 23),
(16, 1, 24),
(2, 1, 25),
(36, 3, 27),
(17, 2, 28),
(24, 5, 29),
(22, 2, 31),
(27, 5, 33),
(40, 3, 34),
(38, 4, 35),
(7, 4, 36),
(4, 3, 37),
(1, 1, 38),
(29, 3, 39),
(25, 1, 40),
(30, 3, 41),
(5, 4, 43),
(15, 2, 44),
(6, 3, 45),
(34, 3, 46),
(12, 3, 47),
(8, 3, 51),
(35, 5, 52),
(32, 2, 53),
(42, 3, 54),
(9, 3, 55);

-- --------------------------------------------------------

--
-- Tabellenstruktur für Tabelle `galerie`
--

CREATE TABLE `galerie` (
  `id` int(4) UNSIGNED NOT NULL,
  `name` varchar(100) NOT NULL,
  `ort` varchar(100) NOT NULL,
  `datum` date NOT NULL,
  `ordnung` int(4) UNSIGNED NOT NULL DEFAULT '5'
) ENGINE=InnoDB DEFAULT CHARSET=latin1;

--
-- Daten für Tabelle `galerie`
--

INSERT INTO `galerie` (`id`, `name`, `ort`, `datum`, `ordnung`) VALUES
(1, 'Jubi Kick-off', 'MZH Schlierbach', '2015-11-06', 5),
(2, 'Joggeler-Nacht', 'Neudorf', '2016-01-09', 5),
(3, 'Tereter Nächt', 'St. Erhard', '2016-01-16', 5),
(4, 'Hahnenkammrennen', 'Kitzbühel', '2016-01-22', 5),
(5, 'Kinderfasnacht', 'MZH Schlierbach', '2016-01-30', 3),
(6, 'aBARtig', 'Triengen', '2016-01-30', 5),
(7, 'Rammlerball', 'MZH Schlierbach', '2016-02-03', 5),
(8, 'Schmudo Fäscht', 'Winikon', '2016-02-04', 5),
(9, 'Narrenball', 'Schötz', '2016-02-05', 5),
(10, 'Fläcke Fasnacht', 'Beromünster', '2016-02-06', 3),
(11, 'Zunftball', 'MZH Schlierbach', '2016-02-06', 5),
(12, 'Umzug / Rammlerstöbli', 'Schlierbach', '2016-02-07', 5),
(13, 'Easyball', 'Geuensee', '2016-02-08', 5),
(14, 'Umzug / Uslompete', 'Triengen', '2016-02-09', 5),
(15, 'Jubireise', '', '2016-05-14', 5),
(46, 'OV', 'Schlierbach', '2016-09-23', 5),
(47, 'Fasnachtseröffnung', 'Hildisrieden', '2016-11-05', 5),
(48, 'Probeweekend', 'Schlierbach', '2016-12-03', 5),
(49, 'Fasnachtseröffnung', 'Schlierbach', '2017-01-07', 5),
(50, 'Näburuuggers Monster', 'Mosen', '2017-01-14', 5),
(51, 'All-Ball', 'Schlierbach', '2017-01-21', 5),
(52, 'RememberMe', 'Eich', '2017-01-28', 5),
(53, 'Suuger-Ball', 'Triengen', '2017-02-04', 5),
(54, 'BTS Ball', 'Schwarzenbach', '2017-02-11', 5),
(55, 'GuuggerNight', 'Sursee', '2017-02-18', 5),
(56, 'Rammlerball', 'Schlierbach', '2017-02-22', 5),
(57, 'SchmuDo', 'Sempach', '2017-02-23', 5),
(58, 'Narrenball', 'Schötz', '2017-02-24', 5),
(59, 'Easyball', 'Geuensee', '2017-02-27', 5),
(60, 'Umzug / Uslompete', 'Triengen', '2017-02-28', 5),
(62, 'Städlifasnacht / Zunftball', 'Sursee / Schlierbach', '2017-02-25', 5),
(63, 'Umzug / Rammlerstöbli', 'Schlierbach', '2017-02-26', 5),
(65, 'Kinderfasnacht', 'Schlierbach', '2017-02-18', 3);

-- --------------------------------------------------------

--
-- Tabellenstruktur für Tabelle `instrument`
--

CREATE TABLE `instrument` (
  `id` int(4) UNSIGNED NOT NULL,
  `name` varchar(30) NOT NULL
) ENGINE=InnoDB DEFAULT CHARSET=latin1;

--
-- Daten für Tabelle `instrument`
--

INSERT INTO `instrument` (`id`, `name`) VALUES
(5, 'Bass'),
(4, 'Euphonium'),
(8, 'Glocke'),
(7, 'Pauke'),
(3, 'Posaune'),
(6, 'Schlagzeug'),
(1, 'Tambourmajor'),
(2, 'Trompete');

-- --------------------------------------------------------

--
-- Tabellenstruktur für Tabelle `mitglied`
--

CREATE TABLE `mitglied` (
  `id` int(4) UNSIGNED NOT NULL,
  `nachname` varchar(30) NOT NULL,
  `vorname` varchar(30) NOT NULL,
  `spitzname` varchar(100) DEFAULT NULL,
  `eintritt` varchar(40) DEFAULT NULL,
  `fk_instrument` int(4) UNSIGNED DEFAULT NULL,
  `fk_status` int(4) UNSIGNED DEFAULT '1'
) ENGINE=InnoDB DEFAULT CHARSET=latin1;

--
-- Daten für Tabelle `mitglied`
--

INSERT INTO `mitglied` (`id`, `nachname`, `vorname`, `spitzname`, `eintritt`, `fk_instrument`, `fk_status`) VALUES
(1, 'Ackermann', 'Jenni', 'Jenny-Jenny-Baby', '2011/2012', 8, 1),
(2, 'Aeberhard', 'Andreas', 'Rolf / Ätti', '2013/2014', 6, 1),
(3, 'Arnold', 'Marcel', 'MvB', '2003/2004', 4, 1),
(4, 'Arnold', 'Patrick', 'PP', '2011/2012', 7, 1),
(5, 'Arnold', 'Peter', 'Dr. Harzer Pesche', '1988/1989', 2, 1),
(6, 'Arnold', 'Raphael', 'Gadaffi', '2009/2010', 7, 4),
(7, 'Diener', 'Reto', '', '2010/2011', 2, 1),
(8, 'Fries', 'Fabian', 'Friesör / Happy', '2009/2010', 2, 1),
(9, 'Galliker', 'Deborah', 'Debby', '2009/2010', 3, 1),
(10, 'Galliker', 'Jolanda', 'Joli', '2011/2012', 3, 1),
(11, 'Galliker', 'Linda', 'Perle / Lindi', '2012/2013', 3, 1),
(12, 'Galliker', 'Marco', '', '2015/2016', 2, 1),
(13, 'Galliker', 'Reto', 'Dödi', '2014/2015', 5, 1),
(14, 'Galliker', 'Simon', 'Simi', '2009/2010', 1, 1),
(15, 'Gilli', 'Matthias', 'Mätthu', '2014/2015', 7, 1),
(16, 'Häfliger', 'Kevin', 'Grasdeerichef / Lönzu', '2011/2012', 6, 1),
(17, 'Hecht', 'Raphael', 'Raphi', '2006/2007', 5, 4),
(18, 'Hofer', 'Micha', 'Polo / Hofermers / Sasha', '2010/2011', 2, 1),
(19, 'Hummel', 'Raphael', 'Raphi', '2008/2009', 3, 4),
(20, 'Hunziker', 'Carol', '', '2014/2015', 3, 4),
(21, 'Kost', 'Sämi', 'Sämi', '2015/2016', 4, 1),
(22, 'Kronenberg', 'Carina', 'Care', '2015/2016', 3, 1),
(23, 'Küng', 'Fabian', 'Fäbu', '2015/2016', 2, 1),
(24, 'Lötscher', 'Andrea', 'Andi', '2014/2015', 2, 1),
(25, 'Lötscher', 'Ursula', 'Ursi', '2013/2014', 2, 1),
(26, 'Meier', 'Livia', 'Liiiv', '2012/2013', 2, 4),
(27, 'Meier', 'Marcel', 'Mäsi / Mäserich / Sexy Mäsi', '2005/2006', 7, 4),
(28, 'Meier', 'Peter', 'Pedro', '2010/2011, 2013/2014', 3, 1),
(29, 'Meier', 'Tanja', 'Meierli', '2015/2016', 2, 1),
(30, 'Moser', 'Anina', 'Dorsch (h)ani', '2010/2011', 2, 1),
(31, 'Muff', 'Daniel', 'Dänu / Boumi', '2013/2014', 4, 1),
(32, 'Oehen', 'Rahel', 'Trudy / Frischit', '2011/2012', 3, 4),
(33, 'Ruoss', 'Romana', 'Romy / Römsle / Römsi', '2009/2010', 2, 1),
(34, 'Schmidli', 'Daniel', '', '2015/2016', 3, 3),
(35, 'Schmidlin', 'Adrian', 'Adi gwinnt / wenn eine spinnt ischs de Adi Mint', '2005/2006', 7, 4),
(36, 'Stalder', 'Nicole', 'Niizzi(Mizmiz) / Niizleren / Mauzi / Chräbeli', '2007/2008', 2, 1),
(37, 'Thürig', 'Flavio', 'F.T. / Flävu', '2002/2003', 5, 4),
(38, 'Troxler', 'Barbara', 'Barbarbabapa / Babra / Barabara', '2012/2013', 2, 1),
(39, 'Troxler', 'Marcel', 'Örbu / Mäsi / Troxi / Tröxu', '2012/2013', 2, 1),
(40, 'Troxler', 'Petra', 'Zemmetstärndli / Petu / Duracell-Häsli', '2012/2013', 3, 1),
(41, 'Troxler', 'Pirmin', 'PJT / Göuichöbu / Pime', '2002/2003', 2, 4),
(42, 'Troxler', 'Roland', 'Roli / PalettRoli', '2008/2009', 4, 1),
(43, 'Troxler', 'Sabrina', 'Sabi / Mailänderli', '2012/2013', 8, 1),
(44, 'Troxler', 'Seraina', 'Sere / Selle', '2015/2016', 6, 1),
(45, 'Troxler', 'Sarah', 'Säru-Bäri', '2009/2010, 2012/2013', 4, 1),
(46, 'Weber', 'Andreas', 'Resu / Andi', '2015/2016', 5, 1),
(47, 'Weber', 'Daniel', 'Dänu / Wäber 1', '2009/2010', 2, 1),
(48, 'Weber', 'Denis', 'WD 40', '2015/2016', 3, 1),
(49, 'Weber', 'Nico', 'Wäber 2', '2010/2011', 3, 1),
(50, 'Zwimpfer', 'Priska', 'Priskula / Prisi / Priseler', '2013/2014', 2, 1),
(51, 'Arnold', 'Eliane', NULL, '2016/2017', 3, 1),
(52, 'Galliker', 'Jonas', NULL, '2016/2017', 2, 1),
(53, 'Galliker', 'Samuel', NULL, '2016/2017', 2, 1),
(54, 'Koch', 'Ronny', NULL, '2016/2017', 5, 1),
(55, 'Schnüriger', 'Nicole', NULL, '2016/2017', 3, 1),
(56, 'Polesel', 'Nora', NULL, '2017/2018', 2, 1),
(57, 'Küng', 'Adrian', NULL, '2017/2018', 5, 1),
(58, 'Habermacher', 'Manuela', NULL, '2017/2018', 3, 1),
(59, 'Schwegler', 'Tobias', NULL, '2017/2018', 3, 1),
(60, 'Troxler', 'Raphael', NULL, '2017/2018', 7, 1),
(61, 'Troxler', 'Severin', NULL, '2017/2018', 7, 1);

-- --------------------------------------------------------

--
-- Tabellenstruktur für Tabelle `mitgliederportrait_antwort`
--

CREATE TABLE `mitgliederportrait_antwort` (
  `id` int(4) UNSIGNED NOT NULL,
  `antwort` varchar(255) NOT NULL,
  `fk_frage` int(4) UNSIGNED DEFAULT NULL,
  `fk_mitglied` int(4) UNSIGNED DEFAULT NULL
) ENGINE=InnoDB DEFAULT CHARSET=latin1;

--
-- Daten für Tabelle `mitgliederportrait_antwort`
--

INSERT INTO `mitgliederportrait_antwort` (`id`, `antwort`, `fk_frage`, `fk_mitglied`) VALUES
(1, 'Babett Pugnatrix Everdeen', 1, 38),
(2, 'mis Bett... (ond mini Allerliebschte)', 2, 38),
(3, 'Im Distrikt 6231 (s\' sonnigschte wos ged!)', 3, 38),
(4, 'd Wempere lo klempere (falls das nüd nötzt hemmer jo da Johr Pfiil ond Boge debi...)', 4, 38),
(5, 'ech hongere gärn bes am Obe, wenni weiss ases denne e 6-Gänger ged!', 5, 38),
(6, 'Orsula Hestia von Panem', 1, 25),
(7, 'Mini Kämpfergschpändli', 2, 25),
(8, 'Nr. 6207 Sämpisee Wescht', 3, 25),
(9, 'De Bleck vo minne grosse Ouge lod di grad lo erblende.', 4, 25),
(10, 'Nüd, ech esse vel z\'gärn.', 5, 25),
(16, 'Rolf Aebersold', 1, 2),
(17, 'Schlagzüüg', 2, 2),
(18, 'Deheime', 3, 2),
(19, 'de Papa Schlumpf', 4, 2),
(20, 'goht gar ned', 5, 2),
(21, 'Semmel', 1, 21),
(22, 'mine Schoukelstuel!', 2, 21),
(23, '9', 3, 21),
(24, 'de Bäckkhändsmäsch', 4, 21),
(25, 'gods eigentlech no?!', 5, 21),
(26, 'Lönzu', 1, 16),
(27, 'Mine lengg Hode', 2, 16),
(28, 'Grad noch de Chäsi rächts ufe', 3, 16),
(29, 'Die zwöiti lengg Hand', 4, 16),
(30, 'För 7 Leter Guinness', 5, 16),
(32, 'Reto der unschlagbare', 1, 7),
(33, 'min Scrat', 2, 7),
(34, 'Morgestärn', 3, 7),
(35, 'mini Energie', 4, 7),
(36, 'för mini Frönde', 5, 7),
(37, 'Pedro', 1, 28),
(38, 's\'erschte bier', 2, 28),
(39, 'Wetzbu', 3, 28),
(40, 'de wärs jo nöm gheim', 4, 28),
(41, 'för öpis z\'ässe', 5, 28),
(47, 'Pantius', 1, 15),
(48, 'De Göufuu????????????', 2, 15),
(49, 'Im Letschte', 3, 15),
(50, 'dFrau em Keller', 4, 15),
(51, 'Es Darliee Bier', 5, 15),
(52, 'Joli', 1, 10),
(53, 'mini aller Liebschte', 2, 10),
(54, '6215 aber mis Härz schlod förs Distrikt 6231', 3, 10),
(55, 'sie blibt gheim', 4, 10),
(56, 'för alles/ alli wo i mim Härze en Platz hed/hend', 5, 10),
(57, 'Daniel Pugnator Mellark', 1, 31),
(58, 'mini gliebt Omgäbig', 2, 31),
(59, 'am Schliichwäg zum Distrikt 6231', 3, 31),
(60, 'mini Blüemlisammlig ide Kommode', 4, 31),
(61, 'förne guete Schwatz öber Nösslisalot', 5, 31),
(62, 'Polo', 1, 18),
(63, 'mini trompete ond en tonfigur', 2, 18),
(64, 'Haldewald', 3, 18),
(65, 'Öberaschigsagreff', 4, 18),
(66, 'för ässe', 5, 18),
(67, 'Tanja Meierli alias Meier T', 1, 29),
(68, 'mini ventil vode trompete', 2, 29),
(69, 'Öberau ond doch niene rechtig', 3, 29),
(70, 'ech bruuche kei gheimwaffe, wenn denn brucht d gheimwaffe mech', 4, 29),
(71, 'förne briise schnopf', 5, 29),
(72, 'Poulis Arnoldeen', 1, 4),
(73, 'Mini Diesttäg', 2, 4),
(74, 'God-DI-STRIKT-nüd-a', 3, 4),
(75, 'Weniger is Näscht - Meh Fäscht', 4, 4),
(76, 'Höred uf met dem Diätwahnsenn ond ässed weder Schwiinigs', 5, 4),
(77, 'Romulus', 1, 33),
(78, 'Meine wertvolle Zeit', 2, 33),
(79, 'Kneipenviertel', 3, 33),
(80, 'Mis Lache', 4, 33),
(81, 'Min Fröndeschreis', 5, 33),
(82, 'Jenny Jenny Baby', 1, 1),
(83, 'd Rammler- Froue ;-)', 2, 1),
(84, 'Sorsi', 3, 1),
(85, 'mini Glogge', 4, 1),
(86, 'nüüt', 5, 1),
(87, 'Biermin der Kämpfer', 1, 41),
(88, 'S legschte Hömli', 2, 41),
(89, 'Oberdorf City 6231', 3, 41),
(90, 'Säg ech ned, gsehsch es de', 4, 41),
(91, 'ech wörd nie hongere', 5, 41),
(92, 'Sarniss', 1, 45),
(93, 'Freiheit', 2, 45),
(94, 'Distrikt 6210 - 5a', 3, 45),
(95, 'Blubberschwärt', 4, 45),
(96, 'Ferie', 5, 45),
(97, 'Simi', 1, 14),
(98, 'Kappe mit Schnauz', 2, 14),
(99, 'frostiges Gebiet in Schlierbach', 3, 14),
(100, 'Salto von Barhöcker', 4, 14),
(101, 'morgens ausschlafen', 5, 14),
(102, 'Ele', 1, 51),
(103, 'd Freuid ah de 5. Johresziit', 2, 51),
(104, 'Distrikt 5615 Bananeblock', 3, 51),
(105, 'Mini Wasserpistole mit direktem Wasserahschloss', 4, 51),
(106, 'Hongere för was? frässe esch vell geiler!', 5, 51),
(108, 'Dschibutanische Seckutrommeler', 1, 52),
(109, 'S\'Guggi', 2, 52),
(110, '3 1/3', 3, 52),
(111, 'S\'Trio Vougas us dä Halde 1', 4, 52),
(112, 'aso wenn ech honger ha, denn ess ech öppis', 5, 52),
(113, 'die  Legende Mäserich der grosse.', 1, 27),
(114, 'Das ech nie wörd opfere', 2, 27),
(115, 'Heidiland Distrikt 2 (bem Vorhang lenks)', 3, 27),
(116, 'Esch Gheim!!!!', 4, 27),
(117, 'För honger games', 5, 27),
(118, 'Näggu', 1, 55),
(119, 'd Freud am Läbe', 2, 55),
(120, '6243 Ego-City', 3, 55),
(121, 'sägi ned, sösch esch sie nömme gheim ;)', 4, 55),
(122, '2. Fasnacht im Sommer', 5, 55),
(123, 'Marco', 1, 12),
(124, 'Die 5. Johresziit - D\'Fasnacht', 2, 12),
(125, '6231', 3, 12),
(126, 'Mini fuessballschueh', 4, 12),
(127, 'Före edle Tropfe vom Houderelikör', 5, 12),
(128, 'Adi', 1, 35),
(129, 's\'Chöbeli Mäntig Ticket', 2, 35),
(130, 'Loftschotzlagerhuus Schlierbach', 3, 35),
(131, 'Ech cha Eihändig fesche', 4, 35),
(132, 'Spare Rips am Äschemettwoch', 5, 35),
(133, 'Pollux', 1, 53),
(134, 'S Bett am Äschemittwoch', 2, 53),
(135, 'Halde 1', 3, 53),
(136, 'Kochlöffel', 4, 53),
(137, 'Für ne 6-er im Lotto', 5, 53),
(138, 'Gadaffi', 1, 17),
(139, 'sag niemals nie', 2, 17),
(140, 'Z\'Trienge rächts', 3, 17),
(141, 'wennis wör säge wärs nömm gheim', 4, 17),
(142, 'för Chicken Nuggets', 5, 17),
(143, 'Ronny', 1, 54),
(144, 'Gueti frönde', 2, 54),
(145, '5040', 3, 54),
(146, 'Mini ruihigi art', 4, 54),
(147, 'Förd Fasnacht', 5, 54),
(148, 'Wäber 1', 1, 47),
(149, 'es volls Bier', 2, 47),
(150, '6232, im Distrikt westcoast usböudet worde', 3, 47),
(151, 'wennis säge, wärs jo nömme Gheim', 4, 47),
(152, 'ech kämpfe om mis ässe, moss nie hongere', 5, 47),
(153, 'Karl der Kühne', 1, 22),
(154, 'S Ovo-Chäppi', 2, 22),
(155, '6222', 3, 22),
(156, 'Wörffuzocker', 4, 22),
(157, 'för Ässe', 5, 22),
(158, 'Brauch ich nicht - bin auch sonst gefährlich', 1, 24),
(159, 'die tägliche Tafel Schoggi', 2, 24),
(160, '6211', 3, 24),
(161, 'bliibt gheim', 4, 24),
(162, 'för 14 Woche Ferie :-)', 5, 24),
(163, 'Shady Side Sere', 1, 44),
(164, 'd Fasnechtswoche', 2, 44),
(165, 'Distrikt 6231, Schattehang', 3, 44),
(166, 'mini Schlagzüügschlegu', 4, 44),
(167, 'Wiso hongere? 3 Bier send 1 Mohlziit!', 5, 44),
(168, 'Schad ap wäber', 1, 49),
(169, 'Mini gheimwaffe', 2, 49),
(170, '6231', 3, 49),
(171, 'Das esch natürlech gheim', 4, 49),
(172, 'Spennsch, hongere?', 5, 49),
(173, 'Dödi', 1, 13),
(174, 'd Rammler', 2, 13),
(175, '6231', 3, 13),
(176, 'hani keni', 4, 13),
(177, 'för\'nes saftigs 3 cm Steak', 5, 13),
(178, 'Duracell-Häsli', 1, 40),
(179, 'Mini Posuune (ömu ned im PP)', 2, 40),
(180, '6208', 3, 40),
(181, 'Chom a Rammlerball ond lass di öberrasche :-)', 4, 40),
(182, 'För es Rammlerkafi am Fasnachtssonntig im Rammlerstöbli!', 5, 40),
(183, 'Örbu', 1, 39),
(184, 'Mis bier', 2, 39),
(185, 'Schlierbach', 3, 39),
(186, 'Hani keini', 4, 39),
(187, 'För gnueg bier!!!', 5, 39),
(188, 'Dirty Lindee', 1, 11),
(189, 'Miis Biene Outo', 2, 11),
(190, 'District 6231', 3, 11),
(191, 'Ech be e Frou das längt!', 4, 11),
(192, 'De haarti Käääärrnnn', 5, 11),
(197, 'Wäber 3', 1, 46),
(198, 'Shupi vo mim Outo', 2, 46),
(199, 'West Coast', 3, 46),
(200, 'Die blibt gheim', 4, 46),
(201, 'Sebe Bier (ged ou e Mohlziit)', 5, 46),
(202, 'Präsident Snow', 1, 34),
(203, 'mini Kollege usem District', 2, 34),
(204, 'im näbufreischte District', 3, 34),
(205, 'min Hondebleck', 4, 34),
(206, 'e Chöbu-Bier ond de Honger esch wäg', 5, 34),
(207, 'Bine Maya', 1, 30),
(208, 'Mini converse', 2, 30),
(209, '8706', 3, 30),
(210, 'De Öberraschigseffekt - ech be da wenni da be- meistens zspaat', 4, 30),
(211, 'En perfekte Skitag', 5, 30),
(213, 'Derby', 1, 9),
(214, 'Es 5i, das brengt eh nüüd...', 2, 9),
(215, 'Wetzbu; obe rächts', 3, 9),
(216, 'ou dänk gheim...', 4, 9),
(217, 'för öbis z ässe', 5, 9),
(218, 'Nicolaja', 1, 36),
(219, 'Ziit zom Frogeböge usfölle ;-)', 2, 36),
(220, '6231', 3, 36),
(221, 'Das verroti ned, söst eschs ke gheimwaffe meh', 4, 36),
(222, 'För d Schnettmostergrössi S', 5, 36),
(223, 'Briefi', 1, 23),
(224, 'Förnes gschnöus gschwends!', 2, 23),
(225, '7', 3, 23),
(226, 'Mini Trompete', 4, 23),
(227, 'Förnes schöns Fürobebier', 5, 23),
(228, 'Friesör', 1, 8),
(229, 'mini wisse Läderhändsche', 2, 8),
(230, '6208', 3, 8),
(231, 'Villiger Export', 4, 8),
(232, 'ha fasch ke ziit zom hongere', 5, 8),
(234, 'MvB', 1, 3),
(235, 's biertrenkende Rammlerschof', 2, 3),
(236, '6210 §31c', 3, 3),
(237, 'Die esch so gheim, die könn ned emou ech', 4, 3),
(238, 'Ha bes jetzt no nüd gfonde', 5, 3),
(239, 'Sabi', 1, 43),
(240, 'Mini Glogge ;)', 2, 43),
(241, '6231', 3, 43),
(242, 'Das bliibt notürlech gheim!', 4, 43),
(243, 'Förnes Rammlerkafi', 5, 43),
(244, 'Dschibuti', 1, 42),
(245, 'de Honigbiiswend am Omzogs-Sonntig', 2, 42),
(246, '6231', 3, 42),
(247, 'd Frequänz vom söubrig glänzende Horn', 4, 42),
(248, 'zom de Maage z beruhige', 5, 42),
(249, 'Pesche der Böse', 1, 5),
(250, 'S Kaffi Creme met zwe Zocker', 2, 5),
(251, 'Sonnenseite erleben', 3, 5),
(252, 'Stabmixer', 4, 5),
(253, 'förnes Date met de Fabia (Skoda Fabia)', 5, 5),
(254, 'Flavio der Allmächtige', 1, 37),
(255, 's\'Chorn vo minere Flente', 2, 37),
(256, 'abgstege uf 6234 :-)', 3, 37),
(257, 'Beretta 686', 4, 37),
(260, 'före "Rammler der Woche"-Badmantu', 5, 37),
(261, 'süess', 6, 3),
(262, 'kontostand', 7, 3),
(263, 'vernasche', 8, 3),
(264, 'monet', 9, 3),
(265, 'schläckzüg', 10, 3),
(266, 'pinkes Hemd & gestreifter Frack mit Zylinder', 6, 14),
(267, 'äusserst bitter ????', 7, 14),
(268, 'Of jedefau emmer di glich', 8, 14),
(269, 'schlank, dünn & sexy', 9, 14),
(270, 'Houdere brönnts Schläckstängu', 10, 14),
(271, 'mis Euhörnli', 6, 45),
(272, 'öpe so süess wie e Sack Gommibärli', 7, 45),
(273, 'verrot i ned', 8, 45),
(274, 'weiss ned, heds no nie gä', 9, 45),
(275, 'Schoggi', 10, 45),
(276, 'mini chorze rote Hoor in Kombination met de Sommersprosse', 6, 50),
(277, 'eher suuur weder süess', 7, 50),
(278, 'de Spetzbueb', 8, 50),
(279, 'de Kontostand chli süesser mache', 9, 50),
(280, 'Libramänt äs gheerigs Äbbeeri hinderäwirrgä. Weisch diä rot-griänä wo eppä ä fiiftel Ellä dä Heechi na und igchärbt sind. Aber diä huärä Cheibä sind de nid zuckeret!', 10, 50),
(281, 'Schoggi', 6, 57),
(282, 'Ongfähr so wie en Vanillecreme', 7, 57),
(283, 'De Honigtopf vom Winnie-Pooh', 8, 57),
(284, 'Suur', 9, 57),
(285, 'Rahmtäfeli', 10, 57),
(286, 'Mis Zockerpeeling wo ech täglech dorefüere', 6, 36),
(287, 'Öpe so süess wie e Suuri Zonge', 7, 36),
(288, 'Ech be äbe am faschte, dorom chani mer kei gedanke do dröber mache', 8, 36),
(289, 'Spendudöör ond onerträglech', 9, 36),
(290, 'Die Äbeeriröhre met dere wiise Föllig', 10, 36),
(291, 'mini Schoggisiite ????', 6, 21),
(292, 'öpe drüü Schläckstängu ond acht Caramelzöckerli', 7, 21),
(293, 'wösstisch ez gärn ????', 8, 21),
(294, 'ou chli schmäler nemi ah ???????????', 9, 21),
(295, 'di guet aut Nossschoggi dänk', 10, 21),
(296, 'mini Grössi', 6, 55),
(297, 'wie zartbitter Schoggi', 7, 55),
(298, 'wösstisch gärn ;)', 8, 55),
(299, 'suur wie center shock\'s.', 9, 55),
(300, 'Skittles...try the rainbow, taste the rainbow.', 10, 55),
(301, 'Mis Talänt us dipl. Rammler-Fotografin', 6, 40),
(302, 'Eher suur als süess...', 7, 40),
(303, 'De niessendi Trompeter wo ofem Barhöcker öpe emol sGliichgwecht verlührt', 8, 40),
(304, '1 Monet? Mer send Anti-Faschtewiiber ond schaffid ned emol 1 Woche...', 9, 40),
(305, 'Di hondsgwöhnlech Kinderschokolade (P.S. Ech ha de Afangs Januar no Gebortstag;-)', 10, 40),
(306, 'das muesch du mer säge', 6, 54),
(307, 'relativ salzig', 7, 54),
(308, 'sprechsch mi ah und ech zeig der schnell öbi di wot vernasche oder ned', 8, 54),
(309, 'eine wo en monet nüd süesses gnascht hed.', 9, 54),
(310, 'gommischlange wo der oms bei ome gwecklet werd', 10, 54),
(311, 'Mini verdräihte Auge noch gnueg Bier', 6, 12),
(312, '7 kg Schoggi - Tendenz sinkend', 7, 12),
(313, 'Emu secher ke Blondi', 8, 12),
(314, 'doretrainierter als s‘ganze Baywatch-Team zäme', 9, 12),
(315, 'Zwei grossi, rondi.... Lindor-Chogeli', 10, 12),
(316, 'd\' FRIESörkonscht am Stöbli-DJ-Polt', 6, 8),
(317, 'eher wie Lakritze ond das hani ned wörkli gärn', 7, 8),
(318, 'Of de Tonsuechgräät wär do no eini, wo chli besser a Kamera setti dänke…', 8, 8),
(319, 'glöcklech, wöu Zahnarztchöschte senkid', 9, 8),
(320, 'Dannemann Sweets', 10, 8),
(321, 'mine redbull konsum', 6, 29),
(322, 'so süess daser dahin schmelzt', 7, 29),
(323, 'goht di e schissdräck a', 8, 29),
(324, 'tönner', 9, 29),
(325, 'süessgebäck ond tortene ????', 10, 29),
(326, 'mis Innefutter :-d', 6, 7),
(327, 'Dä esch metteme Suure Most z vergliche', 7, 7),
(328, 'do mos eini ganz süess cho om das usezfende', 8, 7),
(329, 'blibe win i ben.', 9, 7),
(330, 'mini Chriesi!', 10, 7),
(332, 'Eher scharf als süess', 6, 51),
(333, 'Edel Bitter 85% Kakao', 7, 51),
(334, 'de Captain Ahoj Brause', 8, 51),
(335, 'zom Krümmelmonster', 9, 51),
(336, 'haupsach zockerfrei, glutefrei, vegan & ohni Zuesatzstoff', 10, 51),
(337, 'Morgesport... nochem uf stoh es paar Prinzen Rollen', 6, 48),
(338, 'so rechtig zum Celebration', 7, 48),
(339, 'en schöni (Creme) Schnitte', 8, 48),
(340, 'Trolli(g)', 9, 48),
(341, 'Zink und Histidin', 10, 48),
(342, 'ech loh mini wempere loh klempere...', 6, 38),
(343, 'eher suur... aber es daf laufend druf iizahlt wärde...', 7, 38),
(344, 'de Schoggisamichlaus =)', 8, 38),
(345, 'zur Diva', 9, 38),
(346, 'en Calypso ;-)', 10, 38),
(347, 'me seid es seg de Sport', 6, 28),
(348, 'god di e bäredräck a!', 7, 28),
(349, 'be wonschlos glöcklech', 8, 28),
(350, 'ei monet älter...', 9, 28),
(351, 'das süesse deng... #hakeahnig', 10, 28),
(352, 'weiss ned was, es esch eifach eso...', 6, 22),
(353, 'haub-süess', 7, 22),
(354, 'das entscheidi ame spontan', 8, 22),
(355, 'dönner', 9, 22),
(356, 'mis Posündli', 10, 22),
(357, 'Wen i bim schaffe chosle', 6, 9),
(358, 'Wie zockerwatte..gsed noch vell us esch aber huere schnöu wäg', 7, 9),
(359, 'S caramel hende lenks', 8, 9),
(360, 'Ranzig', 9, 9),
(361, 'Bazooka', 10, 9),
(362, 'Min onsechtbare Bart', 6, 52),
(363, 'Er mögt schono die eint oder ander Priise zocker verliide ...', 7, 52),
(364, 'Ech ha mis zockerpüpchen zom vernasche scho gfonde', 8, 52),
(365, 'Stocksuur!', 9, 52),
(366, 'Lindorchogele', 10, 52),
(367, 'Schoggikonsum', 6, 23),
(368, 'Ou scho süesser gsi', 7, 23),
(369, 'Schwedetorte', 8, 23),
(370, 'Sur', 9, 23),
(371, 'Mis Lieblingsschläckzüg', 10, 23),
(372, 'Min flauschig Kuschelbart', 6, 47),
(373, 'Wiso zögle ech vo Geuesee of Oberchöuch? No Froge?', 7, 47),
(374, 'Emmer dere blöde Froge. Blibt natürlech mis süesse Gheimniss', 8, 47),
(375, 'ämu secher ned decker :-P', 9, 47),
(376, 'Lollipops hani emmer debi :-)', 10, 47),
(377, 'Mini zarte füess :D', 6, 58),
(378, 'Juu eher better', 7, 58),
(379, 'Mon chéri', 8, 58),
(380, 'öpe suur', 9, 58),
(381, 'Twister glace', 10, 58),
(387, 'Das weissi ned mou säuber ????????????', 6, 46),
(388, '732 Schoggistängeli', 7, 46),
(389, 'Ämu ned dech ????', 8, 46),
(390, 'ke 80 Kilo Mocke', 9, 46),
(391, 'Es feins Chenderschöggeli', 10, 46),
(392, 'Mini Zuckersiete', 6, 15),
(393, 'Recht better', 7, 15),
(394, 'D\'Frou vom pabst', 8, 15),
(395, 'Nöme uf mim Kampfgwecht', 9, 15),
(396, '20 Mokkeeeeee', 10, 15),
(397, 'e töu säged mis Lache', 6, 33),
(398, 'dä esch eher bitter', 7, 33),
(399, 'god üch nüd a', 8, 33),
(400, 'giigerig besi endli weder cha', 9, 33),
(401, 'chond ned drufa, hauptsach öpis zum schläcke :-)', 10, 33),
(402, 'Mini vele Schoggisite ;)', 6, 59),
(403, 'Jööh, so chlii so süess', 7, 59),
(404, 'Es süesses blonds Schoggimüsli', 8, 59),
(405, 'müesse neui Hose choufe', 9, 59),
(406, 'Zockerwatte', 10, 59),
(407, 'das weiss jede...', 6, 18),
(408, 'vor oder nach de fasnacht?', 7, 18),
(409, 'das esch z\'süess för d\'öffentlichkeit... :)', 8, 18),
(410, 'secher ned schwärer', 9, 18),
(411, 'Zählt Bier au?', 10, 18),
(412, 'Falschi Tön', 6, 11),
(413, 'Set no süesser wärde', 7, 11),
(414, 'De hasan', 8, 11),
(415, 'Baar kilo liechter', 9, 11),
(416, 'Schoogi', 10, 11),
(417, 'Mini gigantische Pfuusibäggli', 6, 44),
(418, 'Juu... das esch e betteri Aglägeheit', 7, 44),
(419, 'Bim Channing Tatum wördi ned nei sääge...', 8, 44),
(420, '...ohni Entzogserschiinige wiiterläbe', 9, 44),
(421, 'Das esch leider noni erfonde worde...', 10, 44),
(422, 'Min Charme', 6, 1),
(424, 'Brutal suur', 7, 1),
(425, 'Tja..', 8, 1),
(426, 'Süess', 9, 1),
(427, 'Schläckstängu', 10, 1),
(431, 'mis zockerwattefarbige Candy-Shop-Kleid', 6, 25),
(432, 'wenn alli chli öppis wörde iizahle werd är de scho süess... (CH21 0630 0016 9669 5000 5)', 7, 25),
(433, 'minnere Fasch-Zwilligsschwöschter ehre Troumhobbyschwoger', 8, 25),
(434, 'schlapp wie ne Häröpfusack. Ohni Zocker god bi mer nüd!', 9, 25),
(435, 'en feini Gelati', 10, 25),
(436, 'Mini Schoggisite', 6, 42),
(437, '10 Schoggitaler', 7, 42),
(438, 'Säg ech der secher ned', 8, 42),
(439, 'dönner', 9, 42),
(440, 'Nimm 2 (egal vo was)', 10, 42),
(441, 'De Pöög im rächte Naseloch am drette Hoor', 6, 56),
(442, 'So sweet and sour dassi vo jedem es Bier aahnehme', 7, 56),
(443, 'De Donald aber secher ned de Trump', 8, 56),
(444, 'Frog mol mi Brüeder', 9, 56),
(445, 'Met oder ohni Zänd?', 10, 56),
(446, 'Mis linke Naseloch', 6, 53),
(447, 'S länget ömu fürs Bier i de Fasnacht z choufe', 7, 53),
(448, 'Frogsch mi i de Fasnacht nomol', 8, 53),
(449, 'Ömu ned dick', 9, 53),
(450, 'Ha lieber en rechte mocke Fleisch', 10, 53),
(451, 's45. Hoor bode lengge Augebraue', 6, 60),
(452, 'dä esch better', 7, 60),
(453, 'das luegi de spontan', 8, 60),
(454, 'zur Diva, drom hani emmer es Snickers debi.', 9, 60),
(455, 'sägi ned, esch gheim', 10, 60),
(456, 'D Farbdüse bim Schmenke', 6, 24),
(457, 'Daf gärn no süesser wärde...', 7, 24),
(458, 'Minere Fascht-Zwillingsschwöschter ehre Lieblingshobbyschwoger', 8, 24),
(459, '...do längt scho e Tag...', 9, 24),
(460, 'E Tafele Möuchschoggi', 10, 24),
(461, 'Mini wöchentlech Absänzekontolle', 6, 5),
(462, 'Süesser als mer dänkt.', 7, 5),
(463, 'Vreni, Heidi, Claudia, Fränzi, Hermine, Gondula, Therese, Marie, Frieda, Berta,...', 8, 5),
(464, 'Foxdevilswild', 9, 5),
(465, 'De Chochlöffu', 10, 5),
(466, 'Mis riise Lager a Gommibärli', 6, 30),
(467, 'So süess wie en Frigor vou Chenderschoggi', 7, 30),
(468, 'De Red vo M&M‘s', 8, 30),
(469, 'Zor gröschte Zicke vo de Wält', 9, 30),
(470, 'Chenderschoggi', 10, 30);

-- --------------------------------------------------------

--
-- Tabellenstruktur für Tabelle `mitgliederportrait_frage`
--

CREATE TABLE `mitgliederportrait_frage` (
  `id` int(4) UNSIGNED NOT NULL,
  `frage` varchar(100) NOT NULL,
  `fk_saison` int(4) UNSIGNED DEFAULT NULL
) ENGINE=InnoDB DEFAULT CHARSET=latin1;

--
-- Daten für Tabelle `mitgliederportrait_frage`
--

INSERT INTO `mitgliederportrait_frage` (`id`, `frage`, `fk_saison`) VALUES
(1, 'Din Kämpfername', 1),
(2, 'Was wördsch du nie opfere', 1),
(3, 'I welem Distrikt wohnsch du', 1),
(4, 'Was esch dini Gheimwaffe', 1),
(5, 'För was wörsch hongere', 1),
(6, 'Was macht dech so süess', 2),
(7, 'Wie süess esch di Kontostand', 2),
(8, 'Wer wettisch du gärn mol vernasche', 2),
(9, 'Wenn du ei Monet kei süesses chasch nasche, wersch du...', 2),
(10, 'Was esch dis Lieblingsschläckzüg', 2);

-- --------------------------------------------------------

--
-- Tabellenstruktur für Tabelle `saison`
--

CREATE TABLE `saison` (
  `id` int(4) UNSIGNED NOT NULL,
  `name` varchar(100) NOT NULL
) ENGINE=InnoDB DEFAULT CHARSET=latin1;

--
-- Daten für Tabelle `saison`
--

INSERT INTO `saison` (`id`, `name`) VALUES
(1, 'District 6231 - lasst die Spiele beginnen'),
(2, 'Candy Shop');

-- --------------------------------------------------------

--
-- Tabellenstruktur für Tabelle `status`
--

CREATE TABLE `status` (
  `id` int(4) UNSIGNED NOT NULL,
  `name` varchar(30) NOT NULL
) ENGINE=MyISAM DEFAULT CHARSET=latin1;

--
-- Daten für Tabelle `status`
--

INSERT INTO `status` (`id`, `name`) VALUES
(1, 'Aktiv'),
(2, 'Neumitglied'),
(3, 'Dispens'),
(4, 'Ausgetreten');

-- --------------------------------------------------------

--
-- Tabellenstruktur für Tabelle `umfrage`
--

CREATE TABLE `umfrage` (
  `id` int(4) UNSIGNED NOT NULL,
  `titel` varchar(50) NOT NULL,
  `start` timestamp NOT NULL DEFAULT CURRENT_TIMESTAMP ON UPDATE CURRENT_TIMESTAMP,
  `ende` timestamp NOT NULL DEFAULT '0000-00-00 00:00:00'
) ENGINE=InnoDB DEFAULT CHARSET=latin1;

--
-- Daten für Tabelle `umfrage`
--

INSERT INTO `umfrage` (`id`, `titel`, `start`, `ende`) VALUES
(1, 'Rammler der Woche 1', '2017-01-11 07:00:00', '2017-01-13 17:00:00'),
(2, 'Rammler der Woche 2', '2017-01-18 07:00:00', '2017-01-20 17:00:00'),
(3, 'Rammler der Woche 3', '2017-01-25 07:00:00', '2017-01-27 17:00:00'),
(4, 'Rammler der Woche 4', '2017-02-02 21:53:46', '2017-02-04 12:00:00'),
(5, 'Rammler der Woche 5', '2017-02-08 12:00:00', '2017-02-10 17:00:00'),
(6, 'Rammler der Woche 6', '2017-02-15 11:00:00', '2017-02-17 17:00:00'),
(7, 'Rammler der Woche 7', '2017-02-22 09:06:21', '2017-02-23 15:00:00');

-- --------------------------------------------------------

--
-- Tabellenstruktur für Tabelle `umfrage_eintrag`
--

CREATE TABLE `umfrage_eintrag` (
  `id` int(4) UNSIGNED NOT NULL,
  `text` varchar(1024) DEFAULT NULL,
  `fk_umfrage` int(4) UNSIGNED NOT NULL,
  `foreign_id` int(4) UNSIGNED DEFAULT NULL
) ENGINE=InnoDB DEFAULT CHARSET=latin1;

--
-- Daten für Tabelle `umfrage_eintrag`
--

INSERT INTO `umfrage_eintrag` (`id`, `text`, `fk_umfrage`, `foreign_id`) VALUES
(1, 'Hecht-Zwäg a de Shötli-Bar', 1, 17),
(2, 'D Anina lohd voller elan s Tanzbei loh schwinge. Do derbi glingts ihre leider ned immer d Tanzpartneri z hebe und es chond zo atemberaubende Störz. Öberlabt händs alli!', 1, 30),
(3, 'De Örbu höuft grad bim erste Fäscht Ufruhme. Wöu de Bode aber Nass esch god er grad met em ganze Stoubsuuger z Bode.', 1, 39),
(4, 'Verschloft s\'usstiege z\'schlierbach well är im Gepäkrum gschlofe hes', 2, 4),
(5, 'Nochem erste Uftrett hed si gloub so einiges vergässe. Onderanderem ou wie si d Lüt gschmenkt hed. Ohni sech devo z iritiere lo schmenkt si e woche spöter druflos, was am Ahfang ned ganz guet cho esch', 2, 29),
(6, 'Zerscht räblets öppe 5 mou im Car ond de Mäsi liid schwups am Bode. Nochär fahrt er of chöschte vo anderene Taxi wo eigentli öberhoupt ned i sini Rechtig mönd :)', 2, 27),
(7, 'Ohni bösi absechte het sie mol es anders Instrumänt welle  usteschte. Schwub einisch agsetzt ond grad 2 Egge bi de Zähnd useghoue\r\n', 3, 51),
(8, 'Der Besuch der Rammler beim Zunftmeister war erste Klasse. Wir wurden köstlich und reichlich verwöhnt mit Ess- und Trinkwaren. Obwohl es für alle genug gab ass einer noch Blätter von Bäumen und Bananen mit der Schale.', 3, 3),
(9, 'D\'Sabi hed nochem erste  Uftrett no es paar apassige am Chleid vorgno. Zom Biespel esch de Armschotz diräkt a d\'Jagge gnäiht worde. Sie hed den erst 2 Uftrett spöter gmerkt, dass sie gar ned ehri Jagge a hed sondern i de Jenny ehri. Das Fahrgestell vo dene zwe Damen muss jo sehr ähnlech si!', 3, 43),
(10, 'Us Liebi zo sim VW doch grad no s Schmenke vergässe... jo Mete das chond devo wemmer lieber d Autoschiibe tönt als de Chopf e de Fasnacht', 4, 15),
(11, 'Noch de Tereter Nächt hed d Polizei en Haas gsuecht wo eim de Chefer broche hed. De Fäbu üse "kriminelli Rammler-haas" esch das Weekend zwar chrank im Bett gläge, esch aber glich Tatverdächtigt worde  ond hed promt mösse of Lozern zo de KRIPO go ussäge.', 4, 23),
(12, 'De mäsi verlührt noch em AllBall ou no es 2. mol Natel und Portemonnaie... ond wöu er de Deheim nöme ine chond, mues mer halt weder is Inferno', 4, 3),
(13, 'Dass d Rammler noch em Suuger Bball kei Honger müend ha, hed de Micha äxta 5 Kilo Spaghetti hei gno. Wo de Bsuech noch em Ball bi ehm god go lüüte schloft er aber so tüüf, dass er gar nüd devo merkt ond de "Bsuech" e alternative hed mösse sueche.', 5, 18),
(14, 'De Simi hed sech guet wöue uf e Uftrett am Suuger Ball vorebereite. Drom hed är dänkt är god am Friitg scho mou go rekognoszieren, dass das aber so lang god, hät är vermuetli säuber ned dänkt', 5, 14),
(15, 'Sexy Häschen mit buschigem Schwänzchen!', 5, 15),
(16, 'Setere haube Ewigkeit hemmer de gliich Iizoog ond trotzdem food üse Schlagchef ganz plötzlech de falsch Rhythmus aafo spele. Aus wäär das ned scho gnueg: wöuer bim Uszoog falsch iizöut, leid är no gschnöu es ungewollts Solo häre', 6, 2),
(17, 'Är macht i de Beiz Telifäscht bes d Lampe kabott esch ond wöu är vermuetlech scho met em Badmantu för die nöchscht Woche rächnet lod är s haube Chleid am Sonntig no z Sorsi lo legge', 6, 7),
(18, 'Nachdem de Lampeschirm vom Telifäscht scho kabott gsi, hed de Kev gfonde, er möis no so lang dra omehaue, beser au nomou es 2. Teili abdätscht hed...', 6, 16),
(19, 'Är god bim DJ go s Natel als vermesst mäude, aber leider esch es ned gfonde worde. Bim useloufe merkt er de aber, dass s Natel eifach i de hendere Täsche gsi esch.', 7, 52),
(20, 'D Sarah esch am uftanze bes d Nase blüetet', 7, 45),
(21, 'Im Wärbevideo före Rammlerball köndigt de Marco e Shuttle-Bus-Service a, nor blöd dass es dä nor bim Rammlerstöbli ged. Do das aber aus erschts vo de Bsuecher usegfonde worde esch, geds das Johr am Rammlerball glich ou e Shuttle-Bus.', 7, 12);

-- --------------------------------------------------------

--
-- Tabellenstruktur für Tabelle `umfrage_nomination`
--

CREATE TABLE `umfrage_nomination` (
  `id` int(4) UNSIGNED NOT NULL,
  `text` varchar(1024) NOT NULL,
  `datum` timestamp NOT NULL DEFAULT CURRENT_TIMESTAMP,
  `ip` varchar(20) DEFAULT NULL,
  `fk_umfrage` int(4) UNSIGNED NOT NULL,
  `fk_mitglied` int(4) UNSIGNED NOT NULL
) ENGINE=InnoDB DEFAULT CHARSET=latin1;

--
-- Daten für Tabelle `umfrage_nomination`
--

INSERT INTO `umfrage_nomination` (`id`, `text`, `datum`, `ip`, `fk_umfrage`, `fk_mitglied`) VALUES
(2, 'D Anina lohd voller elan s Tanzbei loh schwinge. Do derbi glingts ihre leider ned immer d Tanzpartneri z hebe und es chond zo atemberaubende Störz. Öberlabt händs alli!', '2017-01-09 16:39:28', '83.79.220.158', 1, 30),
(3, 'De Örbu höuft grad bim erste Fäscht Ufruhme. Wöu de Bode aber Nass esch god er grad met em ganze Stoubsuuger z Bode.', '2017-01-09 17:57:48', '178.197.225.181', 1, 39),
(4, 'Hecht-Zwäg a de Shötli-Bar', '2017-01-09 18:23:34', '85.1.159.230', 1, 17),
(5, 'D MG Schlierbech dankt för de suuber Böhni-Bode onds synchron suuge.', '2017-01-10 06:55:00', '213.200.220.195', 1, 39),
(8, 'Verschloft s\'usstiege z\'schlierbach well är im Gepäkrum gschlofe hes', '2017-01-16 16:54:21', '81.62.21.199', 2, 4),
(9, 'Zerscht räblets öppe 5 mou im Car ond de Mäsi liid schwups am Bode. Nochär fahrt er of chöschte vo anderene Taxi wo eigentli öberhoupt ned i sini Rechtig mönd :)', '2017-01-17 08:46:58', '37.128.181.242', 2, 27),
(10, 'Wenn mer so vell gedoud het wie d Andrea, de chamer ou ohni en ahsugstotze för d farb schmenke. Dem entsprächend gods de haut eifach chli länger.', '2017-01-17 09:00:57', '147.87.51.236', 2, 24),
(11, 'Nochem erste Uftrett hed si gloub so einiges vergässe. Onderanderem ou wie si d Lüt gschmenkt hed. Ohni sech devo z iritiere lo schmenkt si e woche spöter druflos, was am Ahfang ned ganz guet cho esch', '2017-01-17 12:31:08', '147.87.51.236', 2, 29),
(12, 'Ohni bösi absechte het sie mol es anders Instrumänt welle  usteschte. Schwub einisch agsetzt ond grad 2 Egge bi de Zähnd useghoue', '2017-01-22 19:24:39', '178.197.226.175', 3, 51),
(13, 'Im Internet heder suuper chicci schuhe bstöut, wo en super wätterfeschti sohle selled ha. Leider escher bschesse worde & bechond besseri chläbsöckli. Das chonder ou z gspöre öber als är en coole jump ab de Böhni wet präsentiere & deni de Bode kösst', '2017-01-23 22:24:21', '178.197.233.130', 3, 42),
(14, 'Nach einem Fasnachtsanlass passte ihre Jacke von dem Fasnachtskleid plötzlich nicht mehr. Nicht lange überlegen und das Problem lösen sagt man so schön. Die Schneiderin passte alles nach Wunsch an und die Jacke passte wieder wie gewohnt. Nur blöd dass die Nachricht erst später eintraf, dass es evtl. eine Verwechslung bei den Jacken gegeben hat. :)', '2017-01-24 16:28:12', '195.65.152.103', 3, 43),
(15, 'Der Besuch der Rammler beim Zunftmeister war erste Klasse. Wir wurden köstlich und reichlich verwöhnt mit Ess- und Trinkwaren. Obwohl es für alle genug gab ass einer noch Blätter von Bäumen und Bananen mit der Schale.', '2017-01-24 16:34:50', '195.65.152.103', 3, 3),
(16, 'S Meiere hed mösse onterbroche wärde. D Wörfu send verschwonde... De Kev hed sis Beste gäh of de suechi nochm Wörfu und hed sogar im Schacht onde de Wörfu gsuecht.', '2017-01-29 14:23:32', '83.79.220.158', 4, 16),
(17, 'Noch de Tereter Nächt hed d Polizei en Haas gsuecht wo eim de Chefer broche hed. De Fäbu üse "kriminelli Rammler-haas" esch das Weekend zwar chrank im Bett gläge, esch aber glich Tatverdächtigt worde  ond hed promt mösse of Lozern zo de KRIPO go ussäge.', '2017-01-30 16:54:47', '178.197.235.2', 4, 23),
(18, 'Us Liebi zo sim VW doch grad no s Schmenke vergässe... jo Mete das chond devo wemmer lieber d Autoschiibe tönt als de Chopf e de Fasnacht', '2017-01-30 17:01:55', '178.197.235.2', 4, 15),
(19, 'De mäsi verlührt noch em AllBall ou no es 2. mol Natel und Portemonnaie... ond wöu er de Deheim nöme ine chond mues mer  halt weder bis am Sonntig obe is Inferno Hocke.', '2017-01-30 17:13:30', '178.197.235.2', 4, 3),
(20, 'Wenn är bi de eigete Musig scho nie ad Prob chond, heder gmeint metere Musikantin nöcher aluege chöim de Asatz ou vo säuber.', '2017-01-30 17:51:51', '83.76.154.176', 4, 3),
(21, 'dAnina versuecht ganz wot doch gar ned gseh werde, bem heimlech Feckere. Dorom mues sie auh emmer schön dlag abtschegge!', '2017-01-31 03:44:36', '178.197.232.69', 4, 30),
(22, 'Trotz de Nochfrog öber spöter chond ond är\'s met "nei" beantwortet, chonder erst wo s Schmenkteam scho alles potzt ond verrumet hed.', '2017-01-31 06:08:17', '87.245.121.26', 4, 15),
(23, 'Vor freud heder die zunge nöme us dem meitschi welle neh ;P', '2017-01-31 12:24:32', '178.197.228.154', 4, 3),
(24, 'Dass d Rammler noch em Suugerball kei Honger müend ha, hed de Micha äxta 5 Kilo Spaghetti hei gno. Wo de Bsuech noch em Ball bi ehm god go lüüte schloft er aber so tüüf, dass er gar nüd devo merkt ond de "Bsuech" e alternative hed mösse sueche.', '2017-02-07 07:27:13', '212.243.178.130', 5, 18),
(25, 'Nachdem de Lampeschirm scho kabott gange esch ide Beiz, hed de Kev gfonde, er möis no so lang dra omehaue, beser au nomou es 2. teili abdätscht hed...', '2017-02-14 12:17:54', '212.90.194.225', 6, 16);

-- --------------------------------------------------------

--
-- Tabellenstruktur für Tabelle `umfrage_nomination_zeit`
--

CREATE TABLE `umfrage_nomination_zeit` (
  `id` int(4) UNSIGNED NOT NULL,
  `start` timestamp NOT NULL DEFAULT CURRENT_TIMESTAMP ON UPDATE CURRENT_TIMESTAMP,
  `ende` timestamp NOT NULL DEFAULT '0000-00-00 00:00:00',
  `fk_umfrage` int(4) UNSIGNED NOT NULL
) ENGINE=InnoDB DEFAULT CHARSET=latin1;

--
-- Daten für Tabelle `umfrage_nomination_zeit`
--

INSERT INTO `umfrage_nomination_zeit` (`id`, `start`, `ende`, `fk_umfrage`) VALUES
(1, '2017-01-11 09:08:31', '2017-01-10 17:00:00', 1),
(2, '2017-01-15 07:00:00', '2017-01-17 17:00:00', 2),
(3, '2017-01-22 07:00:00', '2017-01-24 17:00:00', 3),
(4, '2017-01-29 07:00:00', '2017-01-31 17:00:00', 4),
(5, '2017-02-05 07:00:00', '2017-02-07 17:00:00', 5),
(6, '2017-02-12 07:00:00', '2017-02-14 17:00:00', 6),
(7, '2017-02-19 07:00:00', '2017-02-20 17:00:00', 7);

-- --------------------------------------------------------

--
-- Tabellenstruktur für Tabelle `umfrage_stimme`
--

CREATE TABLE `umfrage_stimme` (
  `id` int(4) UNSIGNED NOT NULL,
  `ip` varchar(20) DEFAULT NULL,
  `zeit` timestamp NOT NULL DEFAULT CURRENT_TIMESTAMP,
  `fk_eintrag` int(4) UNSIGNED NOT NULL
) ENGINE=InnoDB DEFAULT CHARSET=latin1;

--
-- Daten für Tabelle `umfrage_stimme`
--

INSERT INTO `umfrage_stimme` (`id`, `ip`, `zeit`, `fk_eintrag`) VALUES
(1, '178.197.236.208', '2017-01-11 09:11:20', 3),
(2, '193.222.81.38', '2017-01-11 09:11:37', 3),
(3, '81.63.131.201', '2017-01-11 09:11:53', 3),
(4, '213.55.184.206', '2017-01-11 09:13:11', 2),
(5, '213.213.171.154', '2017-01-11 09:14:03', 1),
(6, '210.86.26.97', '2017-01-11 09:14:29', 2),
(7, '178.197.228.137', '2017-01-11 09:16:16', 2),
(8, '83.76.155.68', '2017-01-11 09:17:23', 3),
(9, '212.90.194.225', '2017-01-11 09:21:39', 1),
(10, '178.197.232.65', '2017-01-11 09:22:07', 3),
(11, '93.187.210.80', '2017-01-11 09:22:38', 2),
(12, '178.197.228.1', '2017-01-11 09:31:18', 3),
(13, '92.106.99.206', '2017-01-11 09:33:59', 1),
(14, '87.245.121.26', '2017-01-11 09:39:30', 3),
(15, '194.158.249.187', '2017-01-11 09:43:58', 3),
(16, '212.41.212.10', '2017-01-11 09:45:53', 2),
(17, '212.4.86.203', '2017-01-11 09:48:28', 3),
(18, '178.197.229.90', '2017-01-11 09:50:55', 3),
(19, '85.5.115.188', '2017-01-11 10:06:46', 3),
(20, '81.63.131.201', '2017-01-11 10:19:42', 3),
(21, '85.5.240.179', '2017-01-11 10:20:37', 3),
(22, '178.197.228.137', '2017-01-11 10:28:41', 2),
(23, '93.187.210.80', '2017-01-11 10:48:54', 2),
(24, '81.62.19.138', '2017-01-11 10:52:02', 3),
(25, '178.197.232.81', '2017-01-11 10:53:13', 3),
(26, '62.203.96.12', '2017-01-11 11:22:09', 2),
(27, '178.197.228.137', '2017-01-11 11:33:08', 2),
(28, '66.249.93.129', '2017-01-11 11:43:52', 3),
(29, '66.249.93.131', '2017-01-11 11:43:56', 3),
(30, '178.197.230.136', '2017-01-11 11:48:05', 2),
(31, '178.197.232.108', '2017-01-11 11:51:29', 3),
(32, '92.107.94.149', '2017-01-11 12:08:52', 3),
(33, '212.41.212.10', '2017-01-11 12:12:10', 2),
(34, '213.213.171.154', '2017-01-11 13:12:54', 1),
(35, '81.63.131.201', '2017-01-11 13:43:36', 3),
(36, '178.197.232.81', '2017-01-11 13:44:01', 3),
(37, '62.202.10.241', '2017-01-11 14:35:00', 3),
(38, '81.63.131.201', '2017-01-11 14:53:17', 3),
(39, '37.128.182.126', '2017-01-11 15:03:30', 3),
(40, '178.197.233.121', '2017-01-11 15:24:16', 1),
(41, '83.76.155.68', '2017-01-11 15:47:08', 1),
(42, '83.76.130.198', '2017-01-11 15:53:01', 3),
(43, '81.63.131.201', '2017-01-11 16:00:41', 3),
(44, '81.62.19.138', '2017-01-11 16:29:25', 3),
(45, '85.5.240.179', '2017-01-11 17:06:17', 3),
(46, '178.197.236.164', '2017-01-11 17:07:14', 3),
(47, '178.197.232.81', '2017-01-11 17:53:33', 3),
(48, '151.252.45.3', '2017-01-11 18:38:51', 3),
(49, '85.1.85.12', '2017-01-11 19:58:47', 3),
(50, '92.107.15.192', '2017-01-11 20:05:26', 2),
(51, '178.197.233.207', '2017-01-11 21:46:04', 3),
(52, '83.79.220.158', '2017-01-11 21:52:01', 2),
(53, '185.30.26.2', '2017-01-11 23:01:07', 1),
(54, '80.218.29.214', '2017-01-12 02:21:09', 2),
(55, '178.197.234.121', '2017-01-12 06:19:28', 3),
(56, '178.197.228.137', '2017-01-12 06:37:30', 2),
(57, '81.63.131.201', '2017-01-12 07:20:49', 3),
(58, '178.197.228.232', '2017-01-12 07:22:03', 3),
(59, '193.222.81.38', '2017-01-12 08:54:28', 3),
(60, '85.1.85.12', '2017-01-12 09:45:30', 3),
(61, '194.147.96.2', '2017-01-12 09:50:36', 3),
(62, '178.193.163.161', '2017-01-12 10:15:54', 2),
(63, '81.62.19.138', '2017-01-12 10:52:12', 3),
(64, '194.209.4.36', '2017-01-12 10:52:26', 3),
(65, '178.197.228.137', '2017-01-12 10:55:54', 2),
(66, '46.140.72.10', '2017-01-12 13:05:34', 3),
(67, '81.63.131.201', '2017-01-12 13:56:18', 3),
(68, '178.197.228.232', '2017-01-12 13:56:47', 3),
(69, '46.245.150.30', '2017-01-12 14:33:09', 2),
(70, '81.63.131.201', '2017-01-12 15:38:07', 3),
(71, '178.197.228.232', '2017-01-12 16:00:11', 3),
(72, '178.197.235.136', '2017-01-12 16:17:54', 3),
(73, '81.62.19.138', '2017-01-12 17:35:49', 1),
(74, '85.7.104.142', '2017-01-12 18:01:26', 3),
(75, '62.203.244.109', '2017-01-12 18:15:49', 1),
(76, '178.197.228.232', '2017-01-12 18:43:32', 3),
(77, '83.76.130.198', '2017-01-12 19:39:51', 3),
(78, '81.62.19.138', '2017-01-12 20:09:48', 3),
(79, '83.76.248.209', '2017-01-12 20:35:09', 2),
(80, '213.213.171.154', '2017-01-12 21:04:59', 1),
(81, '85.5.240.179', '2017-01-12 21:30:38', 3),
(82, '83.79.220.158', '2017-01-12 22:20:46', 2),
(83, '83.76.155.68', '2017-01-13 06:41:30', 3),
(84, '81.63.131.201', '2017-01-13 09:42:27', 3),
(85, '194.11.167.154', '2017-01-13 10:03:32', 2),
(86, '194.40.145.20', '2017-01-13 11:18:32', 3),
(87, '178.197.232.165', '2017-01-13 12:57:50', 3),
(88, '195.225.33.5', '2017-01-13 13:53:16', 2),
(89, '194.209.100.45', '2017-01-13 14:30:24', 3),
(90, '212.62.95.50', '2017-01-13 15:46:41', 3),
(91, '66.249.93.158', '2017-01-18 07:06:16', 4),
(92, '66.249.93.131', '2017-01-18 07:06:25', 4),
(93, '212.90.194.225', '2017-01-18 07:11:44', 4),
(94, '87.245.121.26', '2017-01-18 07:17:06', 4),
(95, '194.11.167.154', '2017-01-18 07:24:44', 5),
(96, '178.197.225.119', '2017-01-18 07:26:20', 4),
(97, '37.128.180.154', '2017-01-18 07:53:29', 4),
(98, '194.147.96.2', '2017-01-18 08:12:22', 4),
(99, '178.197.225.119', '2017-01-18 08:30:02', 4),
(100, '212.90.194.225', '2017-01-18 08:48:17', 4),
(101, '212.243.178.130', '2017-01-18 09:26:59', 6),
(102, '178.197.238.176', '2017-01-18 09:33:36', 4),
(103, '193.222.81.38', '2017-01-18 10:49:31', 5),
(104, '178.197.237.7', '2017-01-18 10:50:25', 5),
(105, '178.197.225.119', '2017-01-18 10:51:20', 4),
(106, '178.197.237.104', '2017-01-18 10:56:40', 5),
(107, '147.87.51.236', '2017-01-18 11:48:40', 5),
(108, '194.158.249.187', '2017-01-18 12:29:43', 4),
(109, '212.243.74.106', '2017-01-18 12:33:59', 5),
(110, '212.243.74.106', '2017-01-18 13:39:54', 5),
(111, '92.107.94.149', '2017-01-18 13:51:15', 6),
(112, '178.197.226.178', '2017-01-18 14:23:19', 4),
(113, '178.197.225.119', '2017-01-18 14:26:09', 4),
(114, '212.243.74.106', '2017-01-18 14:43:09', 5),
(115, '85.5.240.179', '2017-01-18 15:10:02', 4),
(116, '212.243.92.4', '2017-01-18 15:17:46', 6),
(117, '178.197.225.119', '2017-01-18 15:27:01', 4),
(118, '178.197.232.86', '2017-01-18 15:40:16', 4),
(119, '194.11.167.154', '2017-01-18 15:43:03', 5),
(120, '178.197.225.119', '2017-01-18 16:33:38', 4),
(121, '85.5.240.179', '2017-01-18 16:48:01', 4),
(122, '178.197.225.198', '2017-01-18 17:03:38', 4),
(123, '213.55.184.174', '2017-01-18 17:20:46', 6),
(124, '212.4.86.203', '2017-01-18 17:32:40', 6),
(125, '85.1.159.230', '2017-01-18 17:36:41', 6),
(126, '178.197.225.119', '2017-01-18 17:46:18', 4),
(127, '83.76.155.68', '2017-01-18 18:29:19', 4),
(128, '178.197.234.45', '2017-01-18 18:35:14', 5),
(129, '81.62.72.242', '2017-01-18 18:37:56', 4),
(130, '62.203.140.114', '2017-01-18 18:38:43', 6),
(131, '194.230.159.80', '2017-01-18 18:39:01', 4),
(132, '85.5.240.179', '2017-01-18 18:45:01', 4),
(133, '178.197.235.107', '2017-01-18 19:00:10', 6),
(134, '194.230.159.200', '2017-01-18 19:37:51', 6),
(135, '178.197.227.85', '2017-01-18 21:11:48', 6),
(136, '178.197.236.149', '2017-01-18 21:27:08', 4),
(137, '178.197.225.40', '2017-01-18 21:27:20', 4),
(138, '83.76.155.68', '2017-01-18 21:33:40', 4),
(139, '85.1.85.12', '2017-01-18 21:53:56', 5),
(140, '81.62.72.242', '2017-01-18 22:06:39', 6),
(141, '213.213.171.154', '2017-01-18 22:49:56', 4),
(142, '122.56.207.35', '2017-01-19 01:40:05', 4),
(143, '212.243.74.106', '2017-01-19 06:29:50', 5),
(144, '178.197.233.212', '2017-01-19 06:32:16', 6),
(145, '87.245.121.26', '2017-01-19 06:32:23', 4),
(146, '195.65.154.103', '2017-01-19 06:43:12', 4),
(147, '83.76.65.245', '2017-01-19 06:44:04', 5),
(148, '178.197.226.200', '2017-01-19 08:06:38', 6),
(149, '178.197.226.143', '2017-01-19 08:24:52', 4),
(150, '178.197.226.178', '2017-01-19 08:51:07', 4),
(151, '212.243.74.106', '2017-01-19 08:51:19', 5),
(152, '178.39.232.48', '2017-01-19 09:15:58', 5),
(153, '87.245.121.26', '2017-01-19 09:58:19', 4),
(154, '37.128.180.154', '2017-01-19 10:00:18', 4),
(155, '212.243.74.106', '2017-01-19 10:23:34', 5),
(156, '85.4.232.54', '2017-01-19 10:56:09', 4),
(157, '87.245.121.26', '2017-01-19 10:58:59', 4),
(158, '194.230.159.210', '2017-01-19 11:46:56', 6),
(159, '178.197.233.33', '2017-01-19 11:57:20', 6),
(160, '178.197.226.200', '2017-01-19 12:29:41', 6),
(161, '212.90.194.225', '2017-01-19 12:38:55', 6),
(162, '46.245.150.30', '2017-01-19 13:15:28', 5),
(163, '178.197.226.200', '2017-01-19 13:41:21', 6),
(164, '81.63.131.201', '2017-01-19 14:20:33', 5),
(165, '178.197.232.134', '2017-01-19 14:21:20', 5),
(166, '37.128.180.154', '2017-01-19 14:37:25', 4),
(167, '212.243.74.106', '2017-01-19 14:54:55', 5),
(168, '178.197.226.143', '2017-01-19 15:11:18', 4),
(169, '81.63.131.201', '2017-01-19 16:45:29', 5),
(170, '178.197.232.134', '2017-01-19 16:46:11', 5),
(171, '178.197.233.33', '2017-01-19 16:50:12', 4),
(172, '194.230.159.158', '2017-01-19 16:50:40', 5),
(173, '213.55.176.191', '2017-01-19 17:22:43', 4),
(174, '81.62.159.240', '2017-01-19 17:46:15', 4),
(175, '83.76.154.176', '2017-01-19 18:14:53', 4),
(176, '62.203.244.109', '2017-01-19 18:39:27', 4),
(177, '85.1.85.12', '2017-01-19 18:45:37', 5),
(178, '176.127.239.239', '2017-01-19 18:50:21', 6),
(179, '178.39.227.168', '2017-01-19 19:13:38', 6),
(180, '213.55.176.191', '2017-01-19 21:19:43', 4),
(181, '176.127.204.224', '2017-01-19 21:36:37', 5),
(182, '178.197.228.140', '2017-01-19 22:14:33', 4),
(183, '83.76.130.198', '2017-01-19 23:16:04', 4),
(184, '178.197.226.200', '2017-01-20 04:53:44', 6),
(185, '178.197.233.33', '2017-01-20 05:43:52', 4),
(186, '87.245.121.26', '2017-01-20 05:56:25', 4),
(187, '212.243.74.106', '2017-01-20 06:27:56', 5),
(188, '178.197.236.94', '2017-01-20 07:30:51', 4),
(189, '37.128.180.154', '2017-01-20 07:59:54', 4),
(190, '87.245.121.26', '2017-01-20 08:31:34', 4),
(191, '178.197.229.46', '2017-01-20 09:01:59', 6),
(192, '178.197.226.178', '2017-01-20 09:18:54', 4),
(193, '84.253.63.5', '2017-01-20 10:10:57', 4),
(194, '62.202.13.127', '2017-01-20 10:12:29', 5),
(195, '87.245.121.26', '2017-01-20 10:33:30', 4),
(196, '81.62.159.240', '2017-01-20 10:59:06', 4),
(197, '178.197.229.46', '2017-01-20 11:21:22', 5),
(198, '212.243.74.106', '2017-01-20 12:21:19', 5),
(199, '212.243.74.106', '2017-01-20 13:35:38', 5),
(200, '87.245.121.26', '2017-01-20 14:00:43', 4),
(201, '37.128.180.154', '2017-01-20 14:20:40', 4),
(202, '178.197.237.1', '2017-01-20 15:19:09', 4),
(203, '83.76.155.68', '2017-01-20 15:48:29', 4),
(204, '85.5.145.137', '2017-01-20 16:03:51', 5),
(205, '178.197.232.134', '2017-01-20 16:44:35', 5),
(206, '77.58.161.42', '2017-01-25 08:34:31', 7),
(207, '178.197.232.140', '2017-01-25 08:48:27', 8),
(208, '85.4.232.54', '2017-01-25 09:06:16', 7),
(209, '147.87.51.236', '2017-01-25 09:09:03', 7),
(210, '178.197.224.78', '2017-01-25 10:03:26', 8),
(211, '77.58.161.42', '2017-01-25 10:05:07', 7),
(212, '178.197.226.96', '2017-01-25 10:20:14', 7),
(213, '81.63.131.201', '2017-01-25 10:21:18', 7),
(214, '178.197.236.31', '2017-01-25 10:28:06', 7),
(215, '178.197.228.8', '2017-01-25 10:29:34', 9),
(216, '178.197.233.130', '2017-01-25 10:48:38', 7),
(217, '87.245.121.26', '2017-01-25 10:51:25', 7),
(218, '85.1.159.230', '2017-01-25 11:19:59', 7),
(219, '178.197.228.8', '2017-01-25 11:34:20', 8),
(220, '46.22.23.252', '2017-01-25 11:52:39', 7),
(221, '85.5.145.137', '2017-01-25 12:23:39', 7),
(222, '178.197.228.8', '2017-01-25 12:42:00', 8),
(223, '77.58.161.42', '2017-01-25 12:44:27', 7),
(224, '92.107.94.149', '2017-01-25 13:00:29', 7),
(225, '85.5.145.137', '2017-01-25 13:32:01', 7),
(226, '178.197.228.8', '2017-01-25 14:18:11', 8),
(227, '194.147.96.2', '2017-01-25 14:32:20', 9),
(228, '178.197.224.78', '2017-01-25 14:56:26', 8),
(229, '212.243.92.4', '2017-01-25 15:31:50', 8),
(230, '212.243.74.106', '2017-01-25 15:58:17', 7),
(231, '178.197.224.94', '2017-01-25 16:05:05', 7),
(232, '178.197.228.8', '2017-01-25 16:07:52', 8),
(233, '81.62.62.190', '2017-01-25 16:37:21', 7),
(234, '85.1.159.230', '2017-01-25 16:39:27', 7),
(235, '83.79.220.158', '2017-01-25 17:00:24', 8),
(236, '178.197.229.75', '2017-01-25 17:10:32', 9),
(237, '77.58.161.42', '2017-01-25 17:19:47', 7),
(238, '176.127.204.224', '2017-01-25 17:25:26', 7),
(239, '178.197.228.184', '2017-01-25 17:49:49', 7),
(240, '151.248.131.141', '2017-01-25 17:56:32', 9),
(241, '77.58.161.42', '2017-01-25 18:33:15', 7),
(242, '85.2.148.176', '2017-01-25 18:43:39', 7),
(243, '83.76.155.68', '2017-01-25 18:46:20', 9),
(244, '178.197.226.96', '2017-01-25 18:49:00', 7),
(245, '178.197.224.169', '2017-01-25 18:56:50', 7),
(246, '81.62.62.190', '2017-01-25 19:01:28', 7),
(247, '188.60.26.247', '2017-01-25 19:08:08', 7),
(248, '178.197.235.206', '2017-01-25 19:08:16', 7),
(249, '178.197.232.55', '2017-01-25 19:09:20', 7),
(250, '178.197.225.98', '2017-01-25 19:14:21', 7),
(251, '178.197.235.94', '2017-01-25 19:14:29', 7),
(252, '178.197.232.134', '2017-01-25 19:19:25', 8),
(253, '77.58.161.42', '2017-01-25 19:37:03', 7),
(254, '178.39.227.168', '2017-01-25 19:40:49', 7),
(255, '83.76.155.68', '2017-01-25 19:48:44', 8),
(256, '178.193.43.22', '2017-01-25 19:52:29', 7),
(257, '81.221.133.159', '2017-01-25 19:58:22', 7),
(258, '62.203.244.109', '2017-01-25 20:09:06', 7),
(259, '77.58.166.56', '2017-01-25 20:13:32', 7),
(260, '31.165.120.152', '2017-01-25 20:13:51', 7),
(261, '176.127.204.224', '2017-01-25 20:44:40', 7),
(262, '66.249.93.152', '2017-01-25 20:52:17', 7),
(263, '178.197.235.167', '2017-01-25 20:57:22', 7),
(264, '188.63.14.126', '2017-01-25 20:57:24', 8),
(265, '81.62.62.190', '2017-01-25 20:58:43', 7),
(266, '212.4.86.203', '2017-01-25 21:04:10', 8),
(267, '83.79.220.158', '2017-01-25 21:10:51', 8),
(268, '178.197.225.160', '2017-01-25 21:13:54', 7),
(269, '81.221.133.159', '2017-01-25 21:21:36', 7),
(270, '178.197.226.153', '2017-01-25 21:30:11', 7),
(271, '92.104.142.4', '2017-01-25 21:49:39', 7),
(272, '115.189.95.198', '2017-01-25 21:50:03', 7),
(273, '83.76.155.68', '2017-01-25 22:41:36', 9),
(274, '81.62.58.226', '2017-01-26 04:59:43', 7),
(275, '84.253.63.5', '2017-01-26 05:09:13', 8),
(276, '178.197.228.8', '2017-01-26 05:41:46', 8),
(277, '87.245.121.26', '2017-01-26 05:58:55', 8),
(278, '115.189.94.129', '2017-01-26 06:37:24', 7),
(279, '178.197.228.8', '2017-01-26 07:30:08', 8),
(280, '85.1.85.12', '2017-01-26 07:33:25', 9),
(281, '212.243.74.106', '2017-01-26 07:55:56', 7),
(282, '194.147.96.2', '2017-01-26 08:00:54', 9),
(283, '178.197.235.111', '2017-01-26 08:13:27', 7),
(284, '212.243.92.4', '2017-01-26 08:36:22', 7),
(285, '213.55.184.242', '2017-01-26 08:41:29', 8),
(286, '85.7.111.91', '2017-01-26 08:45:07', 9),
(287, '178.197.228.8', '2017-01-26 09:13:29', 8),
(288, '212.243.74.106', '2017-01-26 10:14:09', 7),
(289, '178.197.228.8', '2017-01-26 10:19:57', 8),
(290, '178.197.235.111', '2017-01-26 10:27:24', 7),
(291, '115.189.94.129', '2017-01-26 10:40:46', 7),
(292, '116.251.193.195', '2017-01-26 10:41:43', 7),
(293, '178.197.233.130', '2017-01-26 11:12:04', 7),
(294, '85.2.166.114', '2017-01-26 11:40:23', 8),
(295, '194.230.155.178', '2017-01-26 11:45:25', 7),
(296, '92.107.93.52', '2017-01-26 11:51:22', 7),
(297, '46.22.23.252', '2017-01-26 12:15:48', 7),
(298, '85.4.232.54', '2017-01-26 13:00:38', 7),
(299, '178.197.228.8', '2017-01-26 14:19:57', 8),
(300, '81.63.131.201', '2017-01-26 15:27:36', 7),
(301, '178.197.226.153', '2017-01-26 15:28:05', 7),
(302, '178.197.226.44', '2017-01-26 15:41:30', 7),
(303, '178.197.235.111', '2017-01-26 15:45:04', 7),
(304, '178.197.229.9', '2017-01-26 15:54:48', 8),
(305, '62.202.189.28', '2017-01-26 16:01:47', 7),
(306, '178.197.227.180', '2017-01-26 16:05:09', 9),
(307, '178.197.227.221', '2017-01-26 16:14:33', 9),
(308, '178.197.227.101', '2017-01-26 16:24:02', 9),
(309, '178.197.225.160', '2017-01-26 16:43:49', 7),
(310, '85.2.45.8', '2017-01-26 16:47:33', 7),
(311, '178.197.234.11', '2017-01-26 16:48:53', 7),
(312, '85.6.182.249', '2017-01-26 16:51:17', 9),
(313, '85.2.116.3', '2017-01-26 16:54:06', 8),
(314, '81.63.131.201', '2017-01-26 17:04:51', 7),
(315, '178.197.226.153', '2017-01-26 17:05:19', 7),
(316, '85.2.148.176', '2017-01-26 17:06:14', 8),
(317, '81.62.58.226', '2017-01-26 17:10:44', 7),
(318, '85.2.128.14', '2017-01-26 17:24:30', 7),
(319, '85.3.246.29', '2017-01-26 17:24:35', 7),
(320, '176.127.239.239', '2017-01-26 17:42:56', 7),
(321, '92.107.93.52', '2017-01-26 17:44:46', 7),
(322, '83.79.220.158', '2017-01-26 17:49:03', 8),
(323, '85.1.159.230', '2017-01-26 17:50:34', 7),
(324, '83.76.248.209', '2017-01-26 18:07:24', 9),
(325, '178.198.201.4', '2017-01-26 18:13:30', 7),
(326, '77.58.161.42', '2017-01-26 18:17:30', 7),
(327, '85.5.145.137', '2017-01-26 18:17:34', 7),
(328, '81.62.58.226', '2017-01-26 18:32:21', 8),
(329, '83.79.220.158', '2017-01-26 18:56:34', 8),
(330, '92.107.94.149', '2017-01-26 19:26:25', 7),
(331, '84.226.130.24', '2017-01-26 20:03:50', 8),
(332, '85.5.115.188', '2017-01-26 20:10:49', 7),
(333, '62.203.244.109', '2017-01-26 20:22:35', 9),
(334, '83.79.220.158', '2017-01-26 20:33:11', 8),
(335, '122.56.197.222', '2017-01-26 20:49:30', 7),
(336, '115.189.88.85', '2017-01-26 20:50:41', 7),
(337, '178.197.233.63', '2017-01-26 20:53:51', 7),
(338, '178.197.226.207', '2017-01-26 22:08:21', 7),
(339, '92.104.228.12', '2017-01-26 22:19:00', 7),
(340, '77.58.160.59', '2017-01-26 22:35:04', 8),
(341, '83.79.177.139', '2017-01-26 23:01:08', 8),
(342, '62.203.140.114', '2017-01-26 23:16:13', 7),
(343, '83.79.220.158', '2017-01-27 05:18:45', 8),
(344, '178.197.225.160', '2017-01-27 05:20:30', 7),
(345, '81.62.48.30', '2017-01-27 05:26:23', 7),
(346, '151.248.131.141', '2017-01-27 05:29:26', 7),
(347, '83.77.28.12', '2017-01-27 05:36:05', 7),
(348, '85.2.166.114', '2017-01-27 05:45:41', 7),
(349, '45.125.171.170', '2017-01-27 06:08:39', 7),
(350, '194.158.249.187', '2017-01-27 06:18:08', 7),
(351, '31.10.143.137', '2017-01-27 06:18:27', 9),
(352, '178.197.228.11', '2017-01-27 06:21:38', 7),
(353, '178.197.228.8', '2017-01-27 06:24:58', 8),
(354, '178.197.235.226', '2017-01-27 06:41:05', 7),
(355, '212.90.194.225', '2017-01-27 06:44:46', 9),
(356, '164.14.128.8', '2017-01-27 06:56:48', 7),
(357, '193.222.81.38', '2017-01-27 07:29:51', 9),
(358, '212.4.86.203', '2017-01-27 07:40:03', 8),
(359, '81.63.131.201', '2017-01-27 07:41:35', 7),
(360, '178.197.226.153', '2017-01-27 07:44:47', 7),
(361, '178.197.228.8', '2017-01-27 07:48:45', 8),
(362, '178.197.233.169', '2017-01-27 07:58:55', 7),
(363, '62.2.240.74', '2017-01-27 08:20:39', 9),
(364, '188.62.84.85', '2017-01-27 08:21:28', 7),
(365, '45.125.171.170', '2017-01-27 09:12:50', 7),
(366, '178.197.228.8', '2017-01-27 10:01:27', 8),
(367, '194.11.167.154', '2017-01-27 10:20:13', 7),
(368, '77.58.161.42', '2017-01-27 10:22:38', 7),
(369, '178.197.233.62', '2017-01-27 11:00:03', 8),
(370, '178.197.225.180', '2017-01-27 11:27:29', 7),
(371, '178.197.228.8', '2017-01-27 11:28:53', 8),
(372, '213.55.176.142', '2017-01-27 11:58:53', 8),
(373, '81.63.131.201', '2017-01-27 12:07:19', 7),
(374, '178.197.226.153', '2017-01-27 12:07:36', 7),
(375, '178.197.228.8', '2017-01-27 13:20:22', 8),
(376, '178.194.141.159', '2017-01-27 13:39:22', 7),
(377, '46.22.23.252', '2017-01-27 14:02:42', 7),
(378, '178.197.228.8', '2017-01-27 14:35:08', 8),
(379, '62.203.96.12', '2017-01-27 15:24:14', 9),
(380, '212.243.92.4', '2017-01-27 16:09:46', 7),
(381, '178.197.234.158', '2017-01-27 16:12:59', 7),
(382, '178.197.228.8', '2017-01-27 16:19:04', 8),
(383, '178.197.228.11', '2017-01-27 16:32:30', 7),
(384, '178.197.225.126', '2017-02-02 21:59:23', 11),
(385, '178.196.241.246', '2017-02-02 22:00:14', 11),
(386, '213.55.211.49', '2017-02-02 22:03:16', 12),
(387, '92.104.228.12', '2017-02-02 22:03:42', 11),
(388, '83.76.155.68', '2017-02-02 22:04:27', 11),
(389, '188.62.153.52', '2017-02-02 22:07:53', 10),
(390, '213.55.184.133', '2017-02-02 22:18:49', 12),
(391, '83.76.130.198', '2017-02-02 22:19:57', 12),
(392, '178.197.232.25', '2017-02-02 22:28:07', 12),
(393, '178.197.224.54', '2017-02-02 22:30:04', 12),
(394, '178.197.228.8', '2017-02-02 22:42:55', 12),
(395, '77.240.96.197', '2017-02-02 22:48:27', 11),
(396, '85.2.127.64', '2017-02-02 22:50:44', 11),
(397, '92.107.205.141', '2017-02-02 23:21:06', 11),
(398, '178.197.237.82', '2017-02-03 01:10:55', 12),
(399, '178.197.225.127', '2017-02-03 02:29:53', 11),
(400, '62.203.244.109', '2017-02-03 04:25:21', 12),
(401, '62.203.140.114', '2017-02-03 04:50:17', 11),
(402, '81.62.122.51', '2017-02-03 05:06:31', 12),
(403, '178.197.233.65', '2017-02-03 05:07:07', 12),
(404, '85.5.240.179', '2017-02-03 05:08:22', 11),
(405, '178.197.235.96', '2017-02-03 05:14:38', 12),
(406, '178.197.236.10', '2017-02-03 05:22:42', 11),
(407, '178.194.141.159', '2017-02-03 05:23:08', 11),
(408, '178.197.234.87', '2017-02-03 05:30:31', 11),
(409, '178.197.224.83', '2017-02-03 05:32:02', 11),
(410, '213.213.171.154', '2017-02-03 05:42:43', 12),
(411, '62.203.140.114', '2017-02-03 05:51:45', 11),
(412, '178.197.235.169', '2017-02-03 05:59:49', 12),
(413, '212.90.194.225', '2017-02-03 06:06:35', 12),
(414, '178.197.227.192', '2017-02-03 06:07:41', 11),
(415, '87.245.121.26', '2017-02-03 06:12:34', 12),
(416, '212.243.92.4', '2017-02-03 06:16:49', 11),
(417, '83.76.155.68', '2017-02-03 06:24:01', 11),
(418, '212.4.86.203', '2017-02-03 06:33:33', 11),
(419, '85.1.200.252', '2017-02-03 06:37:05', 11),
(420, '188.63.15.41', '2017-02-03 06:49:27', 11),
(421, '194.147.96.2', '2017-02-03 07:00:11', 10),
(422, '194.11.167.154', '2017-02-03 07:03:18', 12),
(423, '178.197.226.183', '2017-02-03 07:09:21', 11),
(424, '46.140.126.58', '2017-02-03 07:18:55', 11),
(425, '87.245.121.26', '2017-02-03 07:26:23', 12),
(426, '212.4.86.203', '2017-02-03 07:36:13', 12),
(427, '81.63.131.201', '2017-02-03 07:49:18', 12),
(428, '178.197.228.8', '2017-02-03 07:49:42', 12),
(429, '212.243.74.106', '2017-02-03 07:54:57', 11),
(430, '194.158.249.187', '2017-02-03 07:56:44', 11),
(431, '194.209.100.45', '2017-02-03 07:59:35', 12),
(432, '178.197.224.141', '2017-02-03 08:00:25', 12),
(433, '194.209.4.36', '2017-02-03 08:01:28', 12),
(434, '178.197.225.164', '2017-02-03 08:03:39', 10),
(435, '178.197.225.202', '2017-02-03 08:03:42', 10),
(436, '83.76.179.37', '2017-02-03 08:05:07', 12),
(437, '178.197.225.50', '2017-02-03 08:17:13', 10),
(438, '151.248.131.141', '2017-02-03 08:25:35', 11),
(439, '85.5.240.179', '2017-02-03 08:28:31', 11),
(440, '178.197.224.189', '2017-02-03 08:29:58', 10),
(441, '178.197.225.127', '2017-02-03 08:36:09', 11),
(442, '178.197.224.83', '2017-02-03 08:37:06', 12),
(443, '83.78.35.162', '2017-02-03 08:43:28', 11),
(444, '213.55.184.141', '2017-02-03 08:56:16', 12),
(445, '212.243.74.106', '2017-02-03 09:09:45', 11),
(446, '178.197.237.78', '2017-02-03 09:10:15', 11),
(447, '178.194.141.159', '2017-02-03 09:30:56', 10),
(448, '188.63.15.41', '2017-02-03 09:39:18', 11),
(449, '195.65.152.62', '2017-02-03 10:12:42', 11),
(450, '212.243.74.106', '2017-02-03 10:16:03', 11),
(451, '84.210.0.150', '2017-02-03 10:32:46', 11),
(452, '83.144.238.114', '2017-02-03 10:33:50', 10),
(453, '213.200.220.195', '2017-02-03 10:41:44', 12),
(454, '66.249.93.153', '2017-02-03 10:42:40', 12),
(455, '66.249.93.152', '2017-02-03 10:42:50', 12),
(456, '87.245.121.26', '2017-02-03 10:55:51', 10),
(457, '178.197.234.87', '2017-02-03 11:03:53', 11),
(458, '178.197.232.162', '2017-02-03 11:04:13', 12),
(459, '194.230.159.181', '2017-02-03 11:12:37', 11),
(460, '178.197.224.54', '2017-02-03 11:14:43', 12),
(461, '178.197.232.93', '2017-02-03 11:18:14', 12),
(462, '178.197.235.247', '2017-02-03 11:24:13', 11),
(463, '178.197.224.83', '2017-02-03 11:34:31', 11),
(464, '83.76.155.68', '2017-02-03 11:35:48', 11),
(465, '178.197.234.35', '2017-02-03 11:45:18', 11),
(466, '178.197.226.54', '2017-02-03 11:53:41', 10),
(467, '92.107.94.149', '2017-02-03 11:54:13', 11),
(468, '212.243.74.106', '2017-02-03 11:58:26', 11),
(469, '213.55.184.133', '2017-02-03 12:01:15', 12),
(470, '178.197.237.79', '2017-02-03 12:04:54', 11),
(471, '178.197.226.158', '2017-02-03 12:05:14', 11),
(472, '188.63.15.41', '2017-02-03 12:11:39', 11),
(473, '178.197.226.37', '2017-02-03 12:15:07', 11),
(474, '151.248.131.141', '2017-02-03 12:15:42', 11),
(475, '87.245.121.26', '2017-02-03 12:18:53', 10),
(476, '178.197.235.28', '2017-02-03 12:21:17', 11),
(477, '62.203.45.61', '2017-02-03 12:25:13', 11),
(478, '178.197.232.43', '2017-02-03 13:02:13', 11),
(479, '83.79.93.129', '2017-02-03 13:05:29', 12),
(480, '178.197.226.65', '2017-02-03 13:05:30', 11),
(481, '178.197.225.127', '2017-02-03 13:08:42', 11),
(482, '178.197.224.153', '2017-02-03 13:11:55', 11),
(483, '212.243.74.106', '2017-02-03 13:13:45', 11),
(484, '178.197.228.217', '2017-02-03 13:15:27', 11),
(485, '81.63.131.201', '2017-02-03 13:19:44', 12),
(486, '178.197.228.8', '2017-02-03 13:21:04', 12),
(487, '178.197.228.13', '2017-02-03 13:26:38', 11),
(488, '178.197.225.93', '2017-02-03 13:31:06', 10),
(489, '178.197.233.199', '2017-02-03 13:55:28', 11),
(490, '188.63.15.41', '2017-02-03 14:22:30', 11),
(491, '212.243.74.106', '2017-02-03 14:23:40', 11),
(492, '81.63.131.201', '2017-02-03 14:30:15', 12),
(493, '178.197.228.8', '2017-02-03 14:30:35', 12),
(494, '193.222.81.38', '2017-02-03 14:34:30', 11),
(495, '164.128.86.100', '2017-02-03 15:09:23', 12),
(496, '85.1.200.252', '2017-02-03 15:14:06', 11),
(497, '83.76.155.68', '2017-02-03 15:24:48', 11),
(498, '212.90.194.225', '2017-02-03 15:26:22', 12),
(499, '178.197.226.54', '2017-02-03 15:28:47', 12),
(500, '81.62.122.12', '2017-02-03 15:36:30', 11),
(501, '178.197.225.127', '2017-02-03 15:53:59', 11),
(502, '178.197.224.191', '2017-02-03 16:20:05', 12),
(503, '83.76.248.209', '2017-02-03 17:22:27', 11),
(504, '178.197.237.79', '2017-02-03 17:23:57', 11),
(505, '84.226.162.85', '2017-02-03 17:31:12', 11),
(506, '178.197.234.87', '2017-02-03 17:36:56', 11),
(507, '185.12.129.148', '2017-02-03 17:43:15', 11),
(508, '176.127.204.224', '2017-02-03 17:46:54', 11),
(509, '151.248.131.141', '2017-02-03 17:58:46', 11),
(510, '194.230.159.84', '2017-02-03 18:20:16', 12),
(511, '92.235.42.31', '2017-02-03 18:34:39', 11),
(512, '178.197.228.33', '2017-02-03 18:59:45', 12),
(513, '83.79.233.64', '2017-02-03 19:06:23', 10),
(514, '151.248.131.141', '2017-02-03 19:21:24', 11),
(515, '66.249.93.92', '2017-02-03 19:24:24', 12),
(516, '66.249.93.65', '2017-02-03 19:24:30', 12),
(517, '178.197.224.83', '2017-02-03 19:44:46', 10),
(518, '85.3.137.8', '2017-02-03 19:47:17', 11),
(519, '178.197.235.160', '2017-02-03 20:17:20', 11),
(520, '178.197.237.79', '2017-02-03 20:43:58', 11),
(521, '151.248.131.141', '2017-02-03 21:18:05', 11),
(522, '92.107.15.192', '2017-02-03 21:53:12', 12),
(523, '178.197.228.33', '2017-02-03 22:01:51', 12),
(524, '178.197.228.143', '2017-02-03 23:57:44', 11),
(525, '62.203.23.72', '2017-02-04 00:45:07', 11),
(526, '178.197.237.79', '2017-02-04 00:45:42', 11),
(527, '178.197.225.106', '2017-02-04 00:47:10', 11),
(528, '178.197.225.127', '2017-02-04 02:05:49', 11),
(529, '81.62.74.29', '2017-02-04 06:54:31', 11),
(530, '213.55.184.133', '2017-02-04 07:20:35', 12),
(531, '178.197.226.239', '2017-02-04 07:26:25', 11),
(532, '83.76.248.209', '2017-02-04 07:38:28', 11),
(533, '62.203.244.109', '2017-02-04 08:24:52', 12),
(534, '178.197.228.199', '2017-02-04 08:27:54', 11),
(535, '85.1.200.252', '2017-02-04 08:52:54', 11),
(536, '62.203.140.114', '2017-02-04 09:11:28', 12),
(537, '85.5.145.137', '2017-02-04 09:11:39', 12),
(538, '85.1.200.252', '2017-02-04 10:26:51', 11),
(539, '178.197.233.240', '2017-02-04 11:06:05', 11),
(540, '178.197.224.83', '2017-02-04 11:10:16', 12),
(541, '62.203.140.114', '2017-02-04 11:55:35', 12),
(542, '178.197.232.62', '2017-02-04 11:55:55', 12),
(543, '87.245.121.26', '2017-02-08 12:13:49', 14),
(544, '178.197.227.120', '2017-02-08 13:23:59', 13),
(545, '83.78.35.162', '2017-02-08 13:40:09', 15),
(546, '212.90.194.225', '2017-02-08 14:10:24', 14),
(547, '213.55.176.186', '2017-02-08 14:10:56', 14),
(548, '212.4.86.203', '2017-02-08 14:14:02', 13),
(549, '83.78.35.162', '2017-02-08 14:56:16', 15),
(550, '194.11.167.154', '2017-02-08 15:19:58', 13),
(551, '83.76.155.68', '2017-02-08 15:22:08', 14),
(552, '178.197.236.141', '2017-02-08 15:24:38', 13),
(553, '212.90.194.225', '2017-02-08 15:29:46', 14),
(554, '193.222.81.38', '2017-02-08 15:40:36', 15),
(555, '62.203.244.109', '2017-02-08 15:44:46', 13),
(556, '213.200.220.195', '2017-02-08 15:54:50', 14),
(557, '81.63.131.201', '2017-02-08 16:16:16', 13),
(558, '178.197.227.235', '2017-02-08 16:16:56', 13),
(559, '85.3.246.29', '2017-02-08 16:21:11', 15),
(560, '31.164.60.9', '2017-02-08 16:22:23', 13),
(561, '84.253.63.5', '2017-02-08 16:23:05', 13),
(562, '85.4.232.54', '2017-02-08 16:32:39', 13),
(563, '92.107.93.52', '2017-02-08 16:34:13', 13),
(564, '85.5.145.137', '2017-02-08 16:35:34', 14),
(565, '178.197.232.227', '2017-02-08 16:35:55', 13),
(566, '178.197.225.21', '2017-02-08 16:37:34', 13),
(567, '212.243.92.4', '2017-02-08 16:37:50', 13),
(568, '85.6.182.249', '2017-02-08 16:38:37', 13),
(569, '178.238.175.55', '2017-02-08 16:56:34', 13),
(570, '85.5.240.179', '2017-02-08 16:57:47', 13),
(571, '151.248.131.141', '2017-02-08 16:59:56', 13),
(572, '83.76.179.37', '2017-02-08 16:59:57', 13),
(573, '178.197.238.231', '2017-02-08 17:12:22', 13),
(574, '85.4.232.197', '2017-02-08 17:14:00', 13),
(575, '213.55.176.186', '2017-02-08 17:14:34', 14),
(576, '178.197.228.229', '2017-02-08 17:20:05', 13),
(577, '178.197.236.45', '2017-02-08 17:21:01', 13),
(578, '178.197.227.120', '2017-02-08 17:29:15', 13),
(579, '178.197.236.211', '2017-02-08 17:29:33', 13),
(580, '178.197.226.169', '2017-02-08 17:31:06', 13),
(581, '83.76.248.209', '2017-02-08 17:45:49', 13),
(582, '62.203.140.114', '2017-02-08 17:45:55', 13),
(583, '178.197.226.218', '2017-02-08 17:46:23', 13),
(584, '83.76.65.245', '2017-02-08 17:46:33', 13),
(585, '178.197.228.154', '2017-02-08 17:48:17', 13),
(586, '83.78.35.162', '2017-02-08 17:48:31', 14),
(587, '178.197.226.153', '2017-02-08 17:48:50', 13),
(588, '94.112.246.234', '2017-02-08 17:49:26', 14),
(589, '83.76.155.68', '2017-02-08 17:51:54', 14),
(590, '89.217.0.9', '2017-02-08 17:55:27', 13),
(591, '213.213.171.154', '2017-02-08 18:07:13', 13),
(592, '85.7.111.91', '2017-02-08 18:10:14', 13),
(593, '178.197.226.188', '2017-02-08 18:10:33', 13),
(594, '178.197.227.235', '2017-02-08 18:13:14', 13),
(595, '178.197.233.70', '2017-02-08 18:21:32', 13),
(596, '188.63.122.49', '2017-02-08 18:27:43', 13),
(597, '196.210.251.200', '2017-02-08 20:10:32', 14),
(598, '178.197.227.195', '2017-02-08 20:13:46', 13),
(599, '85.2.148.176', '2017-02-08 20:25:45', 14),
(600, '178.197.228.4', '2017-02-08 20:33:06', 14),
(601, '85.1.159.230', '2017-02-08 20:41:19', 15),
(602, '178.197.236.6', '2017-02-08 21:09:33', 13),
(603, '83.77.111.254', '2017-02-08 21:33:33', 13),
(604, '178.197.232.188', '2017-02-08 21:40:32', 13),
(605, '178.197.237.92', '2017-02-08 21:40:54', 13),
(606, '178.193.140.228', '2017-02-08 21:47:09', 13),
(607, '81.62.38.222', '2017-02-09 05:26:34', 13),
(608, '178.197.236.33', '2017-02-09 06:06:51', 13),
(609, '212.90.194.225', '2017-02-09 06:18:59', 14),
(610, '213.55.211.46', '2017-02-09 06:19:51', 14),
(611, '87.245.121.26', '2017-02-09 07:00:47', 14),
(612, '194.11.167.154', '2017-02-09 07:13:53', 13),
(613, '212.90.194.225', '2017-02-09 07:50:04', 14),
(614, '194.147.96.2', '2017-02-09 08:10:37', 13),
(615, '213.55.211.46', '2017-02-09 08:17:18', 14),
(616, '194.11.167.154', '2017-02-09 08:43:52', 13),
(617, '212.90.194.225', '2017-02-09 08:51:03', 14),
(618, '194.11.167.154', '2017-02-09 09:53:24', 13),
(619, '213.200.220.195', '2017-02-09 10:04:00', 13),
(620, '212.90.194.225', '2017-02-09 10:41:32', 14),
(621, '87.245.121.26', '2017-02-09 10:42:05', 14),
(622, '213.55.211.46', '2017-02-09 10:42:05', 14),
(623, '195.65.152.105', '2017-02-09 11:04:00', 13),
(624, '212.23.235.10', '2017-02-09 11:10:48', 13),
(625, '85.3.246.29', '2017-02-09 11:17:44', 15),
(626, '81.63.184.62', '2017-02-09 11:41:49', 13),
(627, '66.249.93.151', '2017-02-09 11:53:50', 13),
(628, '85.5.145.137', '2017-02-09 11:55:09', 14),
(629, '83.76.248.209', '2017-02-09 11:55:32', 13),
(630, '87.245.121.26', '2017-02-09 11:59:40', 14),
(631, '178.197.238.54', '2017-02-09 12:14:11', 13),
(632, '178.197.226.65', '2017-02-09 12:18:42', 13),
(633, '212.90.194.225', '2017-02-09 12:29:20', 14),
(634, '83.79.93.129', '2017-02-09 12:30:24', 15),
(635, '213.55.211.46', '2017-02-09 12:34:12', 14),
(636, '84.253.63.5', '2017-02-09 12:50:59', 13),
(637, '178.197.237.92', '2017-02-09 13:06:33', 13),
(638, '178.197.238.241', '2017-02-09 13:29:37', 14),
(639, '194.11.167.154', '2017-02-09 13:35:37', 13),
(640, '212.90.194.225', '2017-02-09 13:39:32', 14),
(641, '212.4.86.203', '2017-02-09 13:52:49', 13),
(642, '87.245.121.26', '2017-02-09 14:18:13', 14),
(643, '213.55.211.46', '2017-02-09 14:20:51', 14),
(644, '178.197.232.241', '2017-02-09 15:14:04', 13),
(645, '212.90.194.225', '2017-02-09 15:16:54', 14),
(646, '212.4.86.203', '2017-02-09 15:52:39', 13),
(647, '178.193.140.228', '2017-02-09 16:04:53', 13),
(648, '212.243.92.4', '2017-02-09 16:25:46', 13),
(649, '92.107.205.141', '2017-02-09 16:34:28', 14),
(650, '31.164.172.39', '2017-02-09 17:01:10', 13),
(651, '85.4.234.140', '2017-02-09 17:21:29', 13),
(652, '81.62.179.69', '2017-02-09 17:47:13', 13),
(653, '85.7.104.142', '2017-02-09 18:33:18', 13),
(654, '178.197.232.241', '2017-02-09 18:50:29', 13),
(655, '85.1.85.12', '2017-02-09 20:23:00', 13),
(656, '92.104.136.35', '2017-02-09 20:26:11', 14),
(657, '62.203.140.114', '2017-02-09 20:47:45', 13),
(658, '178.197.233.3', '2017-02-09 20:48:02', 13),
(659, '85.5.240.179', '2017-02-09 20:50:20', 13),
(660, '178.197.237.20', '2017-02-09 20:56:46', 13),
(661, '176.127.204.224', '2017-02-09 21:27:26', 14),
(662, '178.197.237.92', '2017-02-09 21:28:37', 13),
(663, '176.127.204.224', '2017-02-09 22:46:10', 14),
(664, '87.245.121.26', '2017-02-10 06:20:21', 14),
(665, '212.90.194.225', '2017-02-10 06:43:30', 14),
(666, '213.55.176.174', '2017-02-10 06:44:05', 14),
(667, '194.11.167.154', '2017-02-10 06:56:00', 13),
(668, '212.90.194.225', '2017-02-10 08:03:56', 14),
(669, '213.55.176.203', '2017-02-10 08:10:57', 14),
(670, '62.203.140.114', '2017-02-10 08:28:39', 14),
(671, '83.79.93.129', '2017-02-10 08:40:24', 13),
(672, '178.197.225.215', '2017-02-10 09:02:03', 13),
(673, '212.90.194.225', '2017-02-10 09:42:13', 14),
(674, '46.140.72.10', '2017-02-10 10:00:35', 14),
(675, '178.197.225.148', '2017-02-10 10:34:25', 13),
(676, '62.203.45.61', '2017-02-10 11:19:38', 14),
(677, '178.197.232.214', '2017-02-10 11:40:50', 13),
(678, '92.107.94.149', '2017-02-10 11:50:30', 13),
(679, '92.107.15.192', '2017-02-10 12:00:27', 13),
(680, '212.90.194.225', '2017-02-10 12:24:06', 14),
(681, '213.55.184.171', '2017-02-10 12:24:30', 14),
(682, '81.63.131.201', '2017-02-10 13:30:18', 13),
(683, '178.197.237.92', '2017-02-10 13:31:27', 13),
(684, '83.76.155.68', '2017-02-10 14:07:24', 14),
(685, '212.90.194.225', '2017-02-10 14:12:53', 14),
(686, '213.55.184.171', '2017-02-10 14:13:11', 14),
(687, '178.197.238.241', '2017-02-10 14:41:36', 15),
(688, '87.245.121.26', '2017-02-10 14:43:50', 14),
(689, '194.11.167.154', '2017-02-10 14:46:14', 13),
(690, '176.127.204.224', '2017-02-10 14:59:40', 14),
(691, '85.3.246.29', '2017-02-10 15:02:57', 15),
(692, '212.4.86.203', '2017-02-10 15:14:17', 13),
(693, '178.197.228.4', '2017-02-10 15:46:50', 13),
(694, '212.90.194.225', '2017-02-10 16:07:38', 14),
(695, '176.127.204.224', '2017-02-10 16:30:13', 14),
(696, '178.197.233.195', '2017-02-10 17:04:25', 13),
(697, '178.197.230.125', '2017-02-15 11:16:17', 17),
(698, '178.197.226.48', '2017-02-15 11:23:14', 17),
(699, '212.4.86.203', '2017-02-15 11:24:09', 17),
(700, '178.197.225.162', '2017-02-15 11:25:34', 17),
(701, '178.197.232.174', '2017-02-15 11:25:45', 17),
(702, '178.197.233.100', '2017-02-15 11:25:55', 16),
(703, '178.197.224.172', '2017-02-15 11:26:31', 17),
(704, '85.2.45.8', '2017-02-15 11:28:09', 17),
(705, '178.197.228.186', '2017-02-15 11:29:19', 17),
(706, '85.5.145.137', '2017-02-15 11:29:48', 17),
(707, '66.249.93.94', '2017-02-15 11:31:49', 17),
(708, '66.249.93.65', '2017-02-15 11:31:56', 17),
(709, '188.62.153.52', '2017-02-15 11:34:00', 17),
(710, '212.243.74.106', '2017-02-15 11:40:25', 17),
(711, '178.197.232.212', '2017-02-15 11:41:53', 16),
(712, '66.249.93.92', '2017-02-15 11:42:54', 16),
(713, '178.197.226.82', '2017-02-15 11:46:27', 18),
(714, '83.76.130.198', '2017-02-15 11:46:29', 17),
(715, '85.1.159.230', '2017-02-15 11:48:56', 17),
(716, '151.248.131.141', '2017-02-15 11:52:06', 16),
(717, '194.230.155.237', '2017-02-15 11:52:10', 17),
(718, '194.230.159.173', '2017-02-15 11:52:32', 17),
(719, '195.65.152.62', '2017-02-15 11:56:29', 16),
(720, '178.197.237.29', '2017-02-15 11:57:10', 17),
(721, '87.245.121.26', '2017-02-15 11:58:06', 17),
(722, '62.202.188.79', '2017-02-15 11:58:26', 16),
(723, '85.1.200.252', '2017-02-15 11:58:52', 17),
(724, '178.193.43.77', '2017-02-15 12:01:24', 16),
(725, '81.62.152.148', '2017-02-15 12:15:30', 16),
(726, '92.107.94.149', '2017-02-15 12:32:03', 16),
(727, '83.79.93.129', '2017-02-15 12:36:15', 17),
(728, '213.3.35.207', '2017-02-15 12:42:43', 16),
(729, '212.90.194.225', '2017-02-15 13:18:09', 17),
(730, '178.197.237.29', '2017-02-15 13:44:17', 17),
(731, '85.4.232.54', '2017-02-15 13:49:41', 16),
(732, '194.230.159.78', '2017-02-15 14:06:11', 17),
(733, '85.1.200.252', '2017-02-15 14:07:09', 16),
(734, '194.11.167.154', '2017-02-15 14:49:27', 17),
(735, '194.230.159.238', '2017-02-15 15:13:11', 17),
(736, '178.197.234.5', '2017-02-15 15:27:20', 17),
(737, '194.158.249.187', '2017-02-15 15:39:58', 16),
(738, '212.243.74.106', '2017-02-15 15:48:13', 17),
(739, '212.243.92.4', '2017-02-15 16:24:28', 17),
(740, '151.248.131.141', '2017-02-15 16:56:13', 17),
(741, '81.63.131.201', '2017-02-15 17:20:06', 17),
(742, '151.248.131.141', '2017-02-15 18:06:32', 17),
(743, '178.197.224.172', '2017-02-15 18:28:31', 17),
(744, '178.197.229.19', '2017-02-15 18:31:22', 17),
(745, '178.197.225.233', '2017-02-15 18:33:16', 17),
(746, '178.197.225.69', '2017-02-15 18:36:45', 18),
(747, '178.197.232.157', '2017-02-15 18:38:41', 17),
(748, '178.195.21.175', '2017-02-15 18:39:48', 16),
(749, '178.196.241.246', '2017-02-15 18:52:39', 16),
(750, '83.76.248.209', '2017-02-15 18:57:28', 16),
(751, '178.197.234.191', '2017-02-15 18:58:23', 17),
(752, '178.197.225.162', '2017-02-15 19:01:01', 17),
(753, '62.203.244.109', '2017-02-15 19:04:35', 16),
(754, '37.128.181.2', '2017-02-15 19:05:58', 16),
(755, '151.248.131.141', '2017-02-15 19:08:07', 17),
(756, '83.77.28.12', '2017-02-15 19:16:40', 18),
(757, '31.10.138.193', '2017-02-15 19:28:05', 16),
(758, '85.1.85.12', '2017-02-15 19:34:12', 16),
(759, '62.202.188.79', '2017-02-15 19:40:09', 16),
(760, '85.3.76.224', '2017-02-15 20:11:45', 18),
(761, '77.58.160.59', '2017-02-15 20:14:47', 18),
(762, '178.199.68.77', '2017-02-15 20:37:07', 17),
(763, '176.127.204.224', '2017-02-15 20:42:34', 17),
(764, '83.76.65.245', '2017-02-15 21:08:50', 17),
(765, '188.63.122.49', '2017-02-15 21:08:53', 18),
(766, '151.248.131.141', '2017-02-15 21:10:50', 17),
(767, '78.225.156.217', '2017-02-15 21:30:02', 16),
(768, '83.76.155.68', '2017-02-15 21:36:00', 17),
(769, '178.197.233.157', '2017-02-15 21:51:58', 17),
(770, '178.199.68.77', '2017-02-15 22:00:28', 17),
(771, '83.76.248.209', '2017-02-15 22:20:07', 16),
(772, '151.248.131.141', '2017-02-15 22:37:10', 16),
(773, '83.76.179.37', '2017-02-15 23:07:01', 17),
(774, '178.194.141.159', '2017-02-15 23:21:41', 16),
(775, '151.248.131.141', '2017-02-16 05:17:17', 17),
(776, '178.197.232.212', '2017-02-16 05:36:38', 16),
(777, '178.197.232.68', '2017-02-16 05:54:23', 17),
(778, '178.39.84.242', '2017-02-16 05:54:56', 16),
(779, '62.203.140.114', '2017-02-16 06:06:52', 17),
(780, '87.245.121.26', '2017-02-16 06:13:36', 17),
(781, '151.248.131.141', '2017-02-16 06:28:25', 16),
(782, '84.253.63.5', '2017-02-16 06:37:49', 18),
(783, '194.11.167.154', '2017-02-16 06:54:25', 18),
(784, '194.230.159.171', '2017-02-16 07:04:24', 17),
(785, '178.197.229.19', '2017-02-16 07:07:54', 16),
(786, '178.197.234.98', '2017-02-16 07:39:53', 17),
(787, '66.249.93.94', '2017-02-16 08:09:58', 16),
(788, '194.230.159.171', '2017-02-16 08:14:55', 17),
(789, '213.200.220.195', '2017-02-16 08:19:19', 16),
(790, '194.147.96.2', '2017-02-16 08:19:48', 17),
(791, '194.230.159.171', '2017-02-16 09:19:12', 17),
(792, '83.78.185.153', '2017-02-16 10:07:44', 16),
(793, '212.90.194.225', '2017-02-16 10:12:25', 17),
(794, '212.243.74.106', '2017-02-16 10:45:53', 17),
(795, '85.1.200.252', '2017-02-16 10:53:17', 16),
(796, '188.63.15.41', '2017-02-16 11:10:38', 16),
(797, '31.10.138.193', '2017-02-16 11:36:37', 16),
(798, '178.193.43.77', '2017-02-16 11:37:43', 16),
(799, '194.230.159.171', '2017-02-16 12:00:23', 17),
(800, '62.202.10.241', '2017-02-16 12:14:29', 16),
(801, '212.4.86.203', '2017-02-16 12:35:22', 17),
(802, '62.203.96.12', '2017-02-16 12:36:38', 16),
(803, '84.253.63.5', '2017-02-16 13:27:45', 18),
(804, '85.1.200.252', '2017-02-16 13:32:11', 16),
(805, '193.222.81.38', '2017-02-16 14:05:09', 16),
(806, '213.200.220.195', '2017-02-16 14:07:31', 16),
(807, '212.243.74.106', '2017-02-16 14:30:58', 17),
(808, '178.193.140.228', '2017-02-16 15:03:27', 17),
(809, '188.63.15.41', '2017-02-16 15:35:59', 16),
(810, '85.1.200.252', '2017-02-16 16:32:06', 16),
(811, '178.39.227.174', '2017-02-16 16:37:16', 17),
(812, '85.1.159.230', '2017-02-16 16:40:14', 16),
(813, '178.197.226.103', '2017-02-16 16:47:54', 16),
(814, '85.0.197.129', '2017-02-16 16:50:44', 16),
(815, '178.197.224.164', '2017-02-16 16:50:54', 16),
(816, '178.197.229.44', '2017-02-16 17:00:39', 16),
(817, '81.62.124.242', '2017-02-16 17:36:33', 16),
(818, '151.248.131.141', '2017-02-16 17:36:55', 17),
(819, '85.1.159.230', '2017-02-16 18:06:32', 17),
(820, '151.248.131.141', '2017-02-16 18:44:32', 17),
(821, '178.197.228.106', '2017-02-16 18:54:23', 17),
(822, '188.63.106.119', '2017-02-16 19:09:53', 16),
(823, '151.248.133.76', '2017-02-16 19:11:59', 16),
(824, '91.138.43.103', '2017-02-16 19:55:23', 17),
(825, '188.63.106.119', '2017-02-16 20:20:01', 16),
(826, '151.248.131.141', '2017-02-16 20:36:52', 16),
(827, '178.197.226.103', '2017-02-16 20:45:52', 16),
(828, '178.195.122.123', '2017-02-16 20:48:23', 16),
(829, '178.197.228.99', '2017-02-16 20:52:46', 17),
(830, '84.226.170.59', '2017-02-16 20:58:10', 16),
(831, '85.0.197.129', '2017-02-16 20:59:15', 16),
(832, '62.203.140.114', '2017-02-16 21:44:48', 17),
(833, '151.248.131.141', '2017-02-16 21:47:17', 16),
(834, '178.197.225.119', '2017-02-16 22:04:47', 16),
(835, '85.2.166.114', '2017-02-16 22:18:54', 17),
(836, '151.248.131.141', '2017-02-17 05:20:37', 17),
(837, '188.63.106.119', '2017-02-17 05:30:20', 16),
(838, '85.0.197.129', '2017-02-17 05:51:24', 16),
(839, '178.197.226.103', '2017-02-17 05:53:30', 16),
(840, '194.230.159.96', '2017-02-17 05:55:12', 17),
(841, '83.173.244.238', '2017-02-17 06:23:18', 16),
(842, '85.1.200.252', '2017-02-17 06:26:46', 16),
(843, '151.248.131.141', '2017-02-17 06:40:56', 16),
(844, '188.63.15.41', '2017-02-17 06:41:54', 16),
(845, '178.197.234.13', '2017-02-17 06:52:03', 16),
(846, '195.65.152.103', '2017-02-17 06:54:40', 17),
(847, '178.197.225.235', '2017-02-17 07:01:54', 16),
(848, '85.0.197.129', '2017-02-17 07:02:54', 16),
(849, '81.63.131.201', '2017-02-17 07:03:35', 17),
(850, '178.197.228.106', '2017-02-17 07:04:16', 16),
(851, '194.11.167.154', '2017-02-17 07:06:03', 17),
(852, '194.230.159.96', '2017-02-17 07:21:09', 17),
(853, '178.197.236.84', '2017-02-17 07:23:41', 16),
(854, '212.243.74.106', '2017-02-17 07:45:09', 17),
(855, '178.197.224.104', '2017-02-17 07:50:04', 16),
(856, '83.173.244.238', '2017-02-17 08:03:23', 16),
(857, '178.197.226.103', '2017-02-17 08:03:49', 16),
(858, '151.248.131.141', '2017-02-17 08:07:43', 16),
(859, '85.0.197.129', '2017-02-17 08:08:27', 16),
(860, '178.197.224.56', '2017-02-17 08:18:59', 16),
(861, '194.230.159.96', '2017-02-17 08:28:54', 17),
(862, '178.197.234.13', '2017-02-17 08:49:16', 16),
(863, '178.197.227.247', '2017-02-17 08:53:10', 16),
(864, '85.0.197.129', '2017-02-17 09:10:16', 16),
(865, '178.197.226.103', '2017-02-17 09:20:37', 16),
(866, '83.173.244.238', '2017-02-17 09:43:01', 16),
(867, '151.248.131.141', '2017-02-17 09:45:58', 16),
(868, '178.197.224.104', '2017-02-17 09:55:27', 16),
(869, '194.230.159.96', '2017-02-17 09:55:50', 17),
(870, '85.1.200.252', '2017-02-17 09:58:13', 16),
(871, '188.63.15.41', '2017-02-17 09:59:07', 16),
(872, '37.128.182.126', '2017-02-17 10:02:06', 16),
(873, '84.226.170.59', '2017-02-17 10:16:24', 16),
(874, '85.0.197.129', '2017-02-17 10:22:03', 16),
(875, '85.4.232.54', '2017-02-17 10:29:32', 16),
(876, '178.197.226.103', '2017-02-17 10:32:17', 16),
(877, '178.197.225.235', '2017-02-17 10:34:57', 16),
(878, '178.199.9.6', '2017-02-17 10:48:09', 16),
(879, '151.248.131.141', '2017-02-17 10:59:55', 17),
(880, '178.197.234.13', '2017-02-17 11:12:52', 16),
(881, '85.0.197.129', '2017-02-17 11:23:02', 16),
(882, '66.249.93.94', '2017-02-17 11:51:19', 17),
(883, '66.249.93.65', '2017-02-17 11:51:25', 17),
(884, '178.197.224.104', '2017-02-17 11:53:15', 16),
(885, '178.199.9.6', '2017-02-17 11:59:45', 16),
(886, '37.128.180.154', '2017-02-17 12:01:23', 16),
(887, '92.107.94.149', '2017-02-17 12:02:55', 17),
(888, '194.11.167.154', '2017-02-17 12:03:39', 17),
(889, '178.197.226.103', '2017-02-17 12:11:41', 16),
(890, '83.173.244.238', '2017-02-17 12:26:25', 16),
(891, '151.248.131.141', '2017-02-17 12:36:47', 16),
(892, '194.230.159.96', '2017-02-17 12:52:02', 17),
(893, '83.78.156.90', '2017-02-17 12:56:58', 16),
(894, '178.197.224.104', '2017-02-17 13:11:13', 16),
(895, '178.197.226.103', '2017-02-17 13:23:24', 16),
(896, '83.173.244.238', '2017-02-17 13:26:26', 16),
(897, '178.197.235.173', '2017-02-17 13:48:06', 16),
(898, '212.243.74.106', '2017-02-17 14:08:04', 17),
(899, '178.197.224.104', '2017-02-17 14:13:54', 16),
(900, '83.76.155.68', '2017-02-17 14:15:56', 18),
(901, '151.248.131.141', '2017-02-17 14:19:43', 16),
(902, '80.218.30.193', '2017-02-17 14:24:05', 17),
(903, '178.197.226.103', '2017-02-17 14:45:37', 16),
(904, '85.0.197.129', '2017-02-17 14:46:42', 16),
(905, '85.4.232.54', '2017-02-17 14:58:49', 16),
(906, '194.230.159.96', '2017-02-17 15:08:44', 17),
(907, '178.197.235.173', '2017-02-17 15:28:18', 16),
(908, '178.39.232.48', '2017-02-17 15:54:51', 17),
(909, '85.0.197.129', '2017-02-17 15:57:26', 16),
(910, '188.63.106.119', '2017-02-17 15:57:57', 16),
(911, '178.197.229.44', '2017-02-17 15:58:31', 17),
(912, '151.248.131.141', '2017-02-17 16:12:56', 17),
(913, '176.127.204.224', '2017-02-17 16:31:34', 17),
(914, '178.199.9.6', '2017-02-17 16:37:12', 16),
(915, '178.197.232.121', '2017-02-17 16:50:25', 18),
(916, '83.76.155.68', '2017-02-21 21:55:14', 20),
(917, '92.104.228.12', '2017-02-21 22:13:22', 21),
(918, '178.197.225.226', '2017-02-21 22:57:48', 21),
(919, '188.63.106.119', '2017-02-21 23:04:22', 20),
(920, '83.76.155.68', '2017-02-22 04:44:05', 20),
(921, '84.253.63.5', '2017-02-22 04:49:00', 21),
(922, '178.197.234.219', '2017-02-22 05:34:34', 20),
(923, '151.248.131.141', '2017-02-22 05:45:39', 21),
(924, '31.164.173.197', '2017-02-22 05:50:23', 20),
(925, '83.76.155.68', '2017-02-22 05:51:16', 20),
(926, '178.197.226.204', '2017-02-22 06:16:12', 20),
(927, '178.197.234.31', '2017-02-22 06:27:50', 20),
(928, '212.243.8.201', '2017-02-22 06:29:02', 20),
(929, '213.55.184.145', '2017-02-22 06:31:07', 21),
(930, '37.128.180.154', '2017-02-22 06:34:01', 21),
(931, '178.197.227.16', '2017-02-22 06:36:28', 20),
(932, '194.230.159.112', '2017-02-22 06:41:21', 21),
(933, '178.197.237.13', '2017-02-22 06:45:51', 21),
(934, '178.197.226.39', '2017-02-22 06:51:53', 21),
(935, '193.222.81.38', '2017-02-22 06:52:11', 21),
(936, '83.76.155.68', '2017-02-22 06:53:30', 20),
(937, '194.11.167.154', '2017-02-22 07:00:59', 20),
(938, '195.176.110.80', '2017-02-22 07:09:50', 20),
(939, '82.130.78.133', '2017-02-22 07:10:59', 20),
(940, '194.147.96.2', '2017-02-22 07:24:07', 19),
(941, '178.197.234.31', '2017-02-22 07:29:42', 20),
(942, '212.243.8.201', '2017-02-22 07:29:50', 20),
(943, '178.197.235.212', '2017-02-22 07:30:34', 19),
(944, '178.197.237.62', '2017-02-22 07:32:35', 21),
(945, '178.197.224.211', '2017-02-22 08:05:42', 20),
(946, '85.1.159.230', '2017-02-22 08:17:04', 21),
(947, '178.197.227.16', '2017-02-22 08:17:21', 19),
(948, '194.11.167.154', '2017-02-22 08:19:16', 20),
(949, '83.76.155.68', '2017-02-22 08:28:19', 20),
(950, '178.197.234.31', '2017-02-22 08:41:40', 20),
(951, '212.243.8.201', '2017-02-22 08:42:08', 20),
(952, '195.65.154.60', '2017-02-22 08:45:25', 20),
(953, '84.253.63.5', '2017-02-22 09:02:43', 21),
(954, '195.176.110.80', '2017-02-22 09:07:11', 20),
(955, '82.130.74.139', '2017-02-22 09:08:23', 20),
(956, '62.203.45.61', '2017-02-22 09:18:45', 19),
(957, '178.197.232.49', '2017-02-22 09:32:31', 21),
(958, '46.140.37.82', '2017-02-22 09:35:11', 20),
(959, '37.128.181.2', '2017-02-22 09:35:13', 21),
(960, '194.11.167.154', '2017-02-22 09:40:15', 20),
(961, '178.197.232.249', '2017-02-22 09:59:40', 21),
(962, '82.130.72.194', '2017-02-22 10:02:36', 20),
(963, '83.76.155.68', '2017-02-22 10:09:46', 20),
(964, '195.176.110.80', '2017-02-22 10:11:12', 21),
(965, '62.202.182.145', '2017-02-22 10:12:52', 21),
(966, '194.158.249.187', '2017-02-22 10:24:57', 19),
(967, '83.76.130.198', '2017-02-22 10:33:55', 21),
(968, '194.209.4.36', '2017-02-22 10:35:45', 21),
(969, '178.199.68.77', '2017-02-22 10:54:18', 21),
(970, '62.203.140.114', '2017-02-22 11:12:57', 21),
(971, '178.197.235.44', '2017-02-22 11:14:32', 21),
(972, '83.76.248.209', '2017-02-22 11:14:52', 19),
(973, '185.12.131.104', '2017-02-22 11:16:18', 20),
(974, '83.76.155.68', '2017-02-22 11:21:29', 20),
(975, '178.197.233.71', '2017-02-22 11:24:34', 21),
(976, '85.2.166.114', '2017-02-22 11:31:19', 21),
(977, '85.2.166.114', '2017-02-22 11:31:19', 21),
(978, '178.197.226.60', '2017-02-22 11:31:59', 21),
(979, '178.197.226.30', '2017-02-22 11:37:26', 20),
(980, '178.197.225.72', '2017-02-22 11:37:35', 20),
(981, '178.197.234.191', '2017-02-22 11:38:08', 20),
(982, '178.197.235.126', '2017-02-22 11:39:30', 20),
(983, '83.77.91.71', '2017-02-22 11:45:10', 20),
(984, '178.197.235.22', '2017-02-22 11:45:54', 20),
(985, '158.181.96.45', '2017-02-22 11:46:18', 20),
(986, '178.197.226.252', '2017-02-22 11:47:53', 21),
(987, '178.197.236.174', '2017-02-22 11:57:22', 19),
(988, '194.11.167.154', '2017-02-22 11:59:36', 20),
(989, '85.1.159.230', '2017-02-22 12:01:57', 20),
(990, '212.243.8.201', '2017-02-22 12:07:57', 20),
(991, '151.248.131.141', '2017-02-22 12:14:55', 21),
(992, '83.76.155.68', '2017-02-22 12:29:10', 20),
(993, '178.197.229.46', '2017-02-22 12:35:03', 21),
(994, '85.3.77.88', '2017-02-22 12:43:09', 21),
(995, '178.197.226.252', '2017-02-22 12:51:18', 21),
(996, '194.11.167.154', '2017-02-22 13:12:53', 20),
(997, '178.197.226.30', '2017-02-22 13:19:20', 20),
(998, '212.243.8.201', '2017-02-22 13:19:40', 20),
(999, '83.79.220.158', '2017-02-22 13:49:00', 21),
(1000, '92.104.142.4', '2017-02-22 13:58:01', 19),
(1001, '85.7.111.91', '2017-02-22 14:02:59', 20),
(1002, '83.76.155.68', '2017-02-22 14:03:25', 21),
(1003, '178.197.226.188', '2017-02-22 14:04:07', 20),
(1004, '178.197.226.30', '2017-02-22 14:27:21', 20),
(1005, '85.1.159.230', '2017-02-22 14:36:38', 20),
(1006, '194.11.167.154', '2017-02-22 14:36:50', 20),
(1007, '82.136.94.242', '2017-02-22 14:49:21', 21),
(1008, '178.197.226.252', '2017-02-22 14:52:58', 21),
(1009, '176.127.204.224', '2017-02-22 14:54:30', 21),
(1010, '37.128.180.154', '2017-02-22 15:03:05', 21),
(1011, '92.104.136.68', '2017-02-22 15:17:38', 21),
(1012, '178.197.233.178', '2017-02-22 15:20:09', 21),
(1013, '178.197.237.0', '2017-02-22 15:21:38', 21),
(1014, '83.76.155.68', '2017-02-22 15:23:55', 21),
(1015, '178.197.233.71', '2017-02-22 15:34:48', 21),
(1016, '37.128.182.126', '2017-02-22 15:36:33', 19),
(1017, '83.79.93.129', '2017-02-22 15:45:03', 20),
(1018, '176.127.204.224', '2017-02-22 16:01:26', 21);
INSERT INTO `umfrage_stimme` (`id`, `ip`, `zeit`, `fk_eintrag`) VALUES
(1019, '178.199.68.77', '2017-02-22 16:01:34', 21),
(1020, '193.46.62.22', '2017-02-22 16:03:18', 20),
(1021, '213.3.35.207', '2017-02-22 16:07:47', 21),
(1022, '83.76.248.209', '2017-02-22 16:20:15', 21),
(1023, '62.203.23.72', '2017-02-22 16:22:31', 21),
(1024, '178.197.233.49', '2017-02-22 16:22:58', 21),
(1025, '178.197.226.195', '2017-02-22 16:38:37', 20),
(1026, '83.76.155.68', '2017-02-22 16:53:22', 21),
(1027, '151.248.131.141', '2017-02-22 16:57:38', 21),
(1028, '178.197.235.219', '2017-02-22 17:22:55', 21),
(1029, '178.197.226.30', '2017-02-22 17:26:39', 20),
(1030, '178.197.233.71', '2017-02-22 17:27:51', 20),
(1031, '66.249.93.92', '2017-02-22 17:28:31', 20),
(1032, '66.249.93.94', '2017-02-22 17:28:43', 20),
(1033, '178.197.225.97', '2017-02-22 17:28:59', 21),
(1034, '178.197.225.72', '2017-02-22 17:29:29', 20),
(1035, '85.2.166.114', '2017-02-22 17:36:11', 21),
(1036, '178.197.225.199', '2017-02-22 17:48:33', 21),
(1037, '178.197.226.195', '2017-02-22 17:49:25', 20),
(1038, '178.197.227.30', '2017-02-22 17:53:27', 20),
(1039, '178.197.225.162', '2017-02-22 17:54:33', 21),
(1040, '178.197.234.35', '2017-02-22 17:59:04', 21),
(1041, '178.197.226.188', '2017-02-22 17:59:34', 20),
(1042, '178.197.228.173', '2017-02-22 18:00:10', 21),
(1043, '178.197.236.198', '2017-02-22 18:01:21', 21),
(1044, '188.60.165.250', '2017-02-22 18:03:14', 19),
(1045, '178.197.233.79', '2017-02-22 18:05:18', 20),
(1046, '85.3.136.119', '2017-02-22 18:08:09', 21),
(1047, '178.197.227.213', '2017-02-22 18:15:18', 21),
(1048, '178.197.226.26', '2017-02-22 18:16:15', 20),
(1049, '178.195.21.175', '2017-02-22 18:17:00', 21),
(1050, '62.203.45.127', '2017-02-22 18:18:47', 21),
(1051, '178.197.232.3', '2017-02-22 18:19:05', 20),
(1052, '194.230.159.231', '2017-02-22 18:20:25', 21),
(1053, '178.197.226.17', '2017-02-22 18:24:42', 21),
(1054, '212.60.54.212', '2017-02-22 18:28:08', 21),
(1055, '178.197.225.140', '2017-02-22 18:34:04', 19),
(1056, '178.197.235.102', '2017-02-22 18:34:20', 21),
(1057, '92.104.136.68', '2017-02-22 18:34:25', 19),
(1058, '83.76.155.68', '2017-02-22 18:35:41', 20),
(1059, '178.197.236.190', '2017-02-22 18:36:01', 20),
(1060, '178.197.228.62', '2017-02-22 18:36:11', 21),
(1061, '178.197.225.72', '2017-02-22 18:36:30', 20),
(1062, '178.197.235.126', '2017-02-22 18:36:51', 20),
(1063, '178.197.227.204', '2017-02-22 18:37:58', 20),
(1064, '178.197.227.168', '2017-02-22 18:38:53', 20),
(1065, '178.197.226.30', '2017-02-22 18:41:57', 20),
(1066, '83.77.91.71', '2017-02-22 18:42:30', 20),
(1067, '178.197.225.97', '2017-02-22 18:46:29', 21),
(1068, '178.197.227.30', '2017-02-22 19:11:59', 20),
(1069, '66.249.93.131', '2017-02-22 19:14:01', 21),
(1070, '66.249.93.129', '2017-02-22 19:14:01', 21),
(1071, '66.249.93.158', '2017-02-22 19:14:09', 21),
(1072, '83.76.155.68', '2017-02-22 19:35:46', 20),
(1073, '178.197.232.4', '2017-02-22 19:40:01', 20),
(1074, '178.197.225.72', '2017-02-22 19:56:15', 20),
(1075, '178.197.226.30', '2017-02-22 19:56:44', 20),
(1076, '178.197.235.102', '2017-02-22 19:56:54', 21),
(1077, '178.197.236.190', '2017-02-22 19:58:06', 20),
(1078, '178.197.225.97', '2017-02-22 19:58:19', 21),
(1079, '178.197.229.78', '2017-02-22 20:06:07', 21),
(1080, '178.197.234.43', '2017-02-22 20:07:26', 20),
(1081, '178.197.227.210', '2017-02-22 20:20:12', 20),
(1082, '178.197.234.216', '2017-02-22 20:22:01', 21),
(1083, '178.197.234.57', '2017-02-22 20:39:27', 21),
(1084, '178.197.233.52', '2017-02-22 20:40:30', 21),
(1085, '194.230.159.218', '2017-02-22 20:41:21', 21),
(1086, '178.197.232.50', '2017-02-22 20:53:24', 21),
(1087, '178.197.224.231', '2017-02-22 20:53:55', 21),
(1088, '178.197.233.79', '2017-02-22 20:54:10', 20),
(1089, '178.197.228.86', '2017-02-22 20:55:06', 21),
(1090, '178.197.236.190', '2017-02-22 20:58:17', 20),
(1091, '83.76.155.68', '2017-02-22 21:25:49', 20),
(1092, '178.197.226.116', '2017-02-22 21:32:03', 21),
(1093, '178.197.234.216', '2017-02-22 21:32:06', 21),
(1094, '178.197.234.39', '2017-02-22 21:54:16', 20),
(1095, '178.197.233.50', '2017-02-22 22:10:07', 21),
(1096, '178.197.236.190', '2017-02-22 22:10:10', 20),
(1097, '178.197.226.161', '2017-02-22 22:10:55', 20),
(1098, '178.197.236.198', '2017-02-22 22:11:38', 21),
(1099, '178.197.226.146', '2017-02-22 22:16:19', 21),
(1100, '178.197.224.62', '2017-02-22 22:28:33', 21),
(1101, '83.76.155.68', '2017-02-22 22:41:00', 20),
(1102, '80.238.180.28', '2017-02-22 22:45:45', 21),
(1103, '178.197.225.35', '2017-02-22 22:49:12', 21),
(1104, '178.197.228.1', '2017-02-22 23:13:50', 20),
(1105, '178.197.225.115', '2017-02-22 23:15:03', 21),
(1106, '178.197.236.117', '2017-02-22 23:15:26', 21),
(1107, '178.197.236.198', '2017-02-22 23:37:42', 21),
(1108, '83.76.155.68', '2017-02-22 23:44:59', 20),
(1109, '178.197.227.125', '2017-02-23 00:13:21', 21),
(1110, '83.77.28.12', '2017-02-23 00:33:13', 19),
(1111, '178.197.236.236', '2017-02-23 00:58:04', 21),
(1112, '178.197.224.84', '2017-02-23 02:03:07', 21),
(1113, '178.197.228.1', '2017-02-23 02:09:28', 20),
(1114, '178.197.225.35', '2017-02-23 02:10:24', 20),
(1115, '178.197.225.199', '2017-02-23 02:10:49', 21),
(1116, '178.197.233.50', '2017-02-23 02:11:27', 21),
(1117, '178.197.228.38', '2017-02-23 04:18:52', 21),
(1118, '178.197.236.190', '2017-02-23 04:47:07', 20),
(1119, '62.202.181.182', '2017-02-23 04:58:47', 21),
(1120, '62.202.181.182', '2017-02-23 06:06:12', 20),
(1121, '83.76.155.68', '2017-02-23 06:11:14', 20),
(1122, '178.197.237.104', '2017-02-23 06:19:21', 21),
(1123, '178.197.236.198', '2017-02-23 06:19:31', 21),
(1124, '178.197.236.190', '2017-02-23 06:23:47', 20),
(1125, '85.1.200.252', '2017-02-23 06:36:04', 21),
(1126, '62.203.23.72', '2017-02-23 07:00:23', 20),
(1127, '178.193.43.22', '2017-02-23 07:10:31', 21),
(1128, '83.76.155.68', '2017-02-23 07:18:16', 20),
(1129, '178.197.227.67', '2017-02-23 07:40:36', 20),
(1130, '178.197.225.35', '2017-02-23 07:42:46', 21),
(1131, '178.197.237.104', '2017-02-23 08:04:00', 21),
(1132, '66.249.93.92', '2017-02-23 08:07:24', 21),
(1133, '66.249.93.94', '2017-02-23 08:07:44', 21),
(1134, '178.197.232.200', '2017-02-23 08:12:29', 21),
(1135, '178.197.227.210', '2017-02-23 08:13:16', 21),
(1136, '83.76.155.68', '2017-02-23 08:20:32', 20),
(1137, '178.197.232.44', '2017-02-23 08:25:03', 19),
(1138, '178.197.226.36', '2017-02-23 08:31:28', 21),
(1139, '194.191.242.252', '2017-02-23 08:44:42', 20),
(1140, '178.197.237.104', '2017-02-23 09:22:31', 21),
(1141, '77.58.161.42', '2017-02-23 09:40:13', 21),
(1142, '178.197.236.119', '2017-02-23 09:44:54', 20),
(1143, '178.197.225.247', '2017-02-23 09:45:31', 20),
(1144, '83.76.155.68', '2017-02-23 09:57:02', 20),
(1145, '62.203.140.114', '2017-02-23 10:04:27', 20),
(1146, '178.197.233.30', '2017-02-23 10:06:30', 20),
(1147, '178.197.232.200', '2017-02-23 10:08:50', 21),
(1148, '178.197.227.210', '2017-02-23 10:09:23', 21),
(1149, '178.197.234.165', '2017-02-23 10:34:12', 20),
(1150, '178.238.175.55', '2017-02-23 10:42:44', 21),
(1151, '176.127.204.224', '2017-02-23 10:52:45', 20),
(1152, '83.76.155.68', '2017-02-23 11:06:27', 20),
(1153, '178.197.228.199', '2017-02-23 11:23:31', 21),
(1154, '188.60.165.250', '2017-02-23 11:29:02', 21),
(1155, '83.77.126.8', '2017-02-23 11:29:22', 21),
(1156, '178.197.234.165', '2017-02-23 11:34:19', 20),
(1157, '188.63.3.245', '2017-02-23 11:58:19', 21),
(1158, '194.230.159.244', '2017-02-23 12:00:47', 21),
(1159, '178.197.237.104', '2017-02-23 12:30:38', 20),
(1160, '83.76.155.68', '2017-02-23 12:32:10', 20),
(1161, '178.195.122.123', '2017-02-23 12:32:16', 21),
(1162, '84.226.81.192', '2017-02-23 12:40:08', 21),
(1163, '151.248.131.141', '2017-02-23 12:59:13', 20),
(1164, '85.6.182.249', '2017-02-23 13:05:53', 20),
(1165, '80.219.250.58', '2017-02-23 13:16:17', 21),
(1166, '83.76.155.68', '2017-02-23 13:34:03', 20),
(1167, '178.197.228.156', '2017-02-23 13:54:35', 21),
(1168, '178.197.235.11', '2017-02-23 14:33:52', 20),
(1169, '178.197.229.111', '2017-02-23 14:34:33', 20),
(1170, '178.197.234.165', '2017-02-23 14:46:15', 20);

-- --------------------------------------------------------

--
-- Tabellenstruktur für Tabelle `vorstand`
--

CREATE TABLE `vorstand` (
  `id` int(4) UNSIGNED NOT NULL,
  `funktion` varchar(30) NOT NULL,
  `adresse` varchar(255) DEFAULT NULL,
  `telefon` varchar(12) DEFAULT NULL,
  `email` varchar(255) DEFAULT NULL,
  `reihenfolge` int(4) DEFAULT '99',
  `fk_mitglied` int(4) UNSIGNED DEFAULT NULL
) ENGINE=InnoDB DEFAULT CHARSET=latin1;

--
-- Daten für Tabelle `vorstand`
--

INSERT INTO `vorstand` (`id`, `funktion`, `adresse`, `telefon`, `email`, `reihenfolge`, `fk_mitglied`) VALUES
(1, 'Präsident', 'Gibelstrasse 3<br />6231 Schlierbach ', '+41792258837', 'praesident@rammler.ch', 1, 42),
(2, 'Tambourmajor', 'Weierbach<br />6231 Schlierbach', '+41793996091', 'tambi@rammler.ch', 2, 14),
(3, 'Aktuarin', NULL, NULL, 'aktuar@rammler.ch', 3, 36),
(4, 'Kassier', NULL, NULL, 'kassier@rammler.ch', 4, 43),
(5, 'Materialwart', NULL, NULL, 'materialwart@rammler.ch', 5, 7);

INSERT INTO umfrage (titel, start, ende) VALUES
  ('Rammler der Woche 1', '2018-01-1 08:00:00', '2018-01-12 18:00:00'),
  ('Rammler der Woche 2', '2018-01-17 08:00:00', '2018-01-19 18:00:00'),
  ('Rammler der Woche 3', '2018-01-24 08:00:00', '2018-01-26 18:00:00'),
  ('Rammler der Woche 4', '2018-01-31 08:00:00', '2018-02-02 18:00:00'),
  ('Rammler der Woche 5', '2018-02-06 08:00:00', '2018-02-07 17:00:00');

INSERT INTO umfrage_nomination_zeit (start, ende, fk_umfrage) VALUES
  ('2018-01-06 08:00:00', '2018-01-09 18:00:00', 1),
  ('2018-01-13 08:00:00', '2018-01-19 18:00:00', 2),
  ('2018-01-20 08:00:00', '2018-01-26 18:00:00', 3),
  ('2018-01-27 08:00:00', '2018-02-01 18:00:00', 4),
  ('2018-02-03 08:00:00', '2018-02-05 18:00:00', 5);

--
-- Indizes der exportierten Tabellen
--

--
-- Indizes für die Tabelle `agenda`
--
ALTER TABLE `agenda`
  ADD PRIMARY KEY (`id`);

--
-- Indizes für die Tabelle `bild`
--
ALTER TABLE `bild`
  ADD PRIMARY KEY (`id`);

--
-- Indizes für die Tabelle `fototermin`
--
ALTER TABLE `fototermin`
  ADD PRIMARY KEY (`id`);

--
-- Indizes für die Tabelle `fototermin_mitglied`
--
ALTER TABLE `fototermin_mitglied`
  ADD PRIMARY KEY (`id`),
  ADD UNIQUE KEY `fk_mitglied` (`fk_mitglied`,`fk_termin`),
  ADD KEY `fk_termin` (`fk_termin`);

--
-- Indizes für die Tabelle `galerie`
--
ALTER TABLE `galerie`
  ADD PRIMARY KEY (`id`);

--
-- Indizes für die Tabelle `instrument`
--
ALTER TABLE `instrument`
  ADD PRIMARY KEY (`id`),
  ADD UNIQUE KEY `name` (`name`);

--
-- Indizes für die Tabelle `mitglied`
--
ALTER TABLE `mitglied`
  ADD PRIMARY KEY (`id`),
  ADD KEY `fk_instrument` (`fk_instrument`);

--
-- Indizes für die Tabelle `mitgliederportrait_antwort`
--
ALTER TABLE `mitgliederportrait_antwort`
  ADD PRIMARY KEY (`id`),
  ADD UNIQUE KEY `fk_mitglied` (`fk_mitglied`,`fk_frage`),
  ADD KEY `fk_frage` (`fk_frage`);

--
-- Indizes für die Tabelle `mitgliederportrait_frage`
--
ALTER TABLE `mitgliederportrait_frage`
  ADD PRIMARY KEY (`id`),
  ADD KEY `fk_saison` (`fk_saison`);

--
-- Indizes für die Tabelle `saison`
--
ALTER TABLE `saison`
  ADD PRIMARY KEY (`id`);

--
-- Indizes für die Tabelle `status`
--
ALTER TABLE `status`
  ADD PRIMARY KEY (`id`),
  ADD UNIQUE KEY `name` (`name`);

--
-- Indizes für die Tabelle `umfrage`
--
ALTER TABLE `umfrage`
  ADD PRIMARY KEY (`id`);

--
-- Indizes für die Tabelle `umfrage_eintrag`
--
ALTER TABLE `umfrage_eintrag`
  ADD PRIMARY KEY (`id`);

--
-- Indizes für die Tabelle `umfrage_nomination`
--
ALTER TABLE `umfrage_nomination`
  ADD PRIMARY KEY (`id`),
  ADD KEY `fk_umfrage` (`fk_umfrage`),
  ADD KEY `fk_mitglied` (`fk_mitglied`);

--
-- Indizes für die Tabelle `umfrage_nomination_zeit`
--
ALTER TABLE `umfrage_nomination_zeit`
  ADD PRIMARY KEY (`id`),
  ADD KEY `fk_umfrage` (`fk_umfrage`);

--
-- Indizes für die Tabelle `umfrage_stimme`
--
ALTER TABLE `umfrage_stimme`
  ADD PRIMARY KEY (`id`),
  ADD KEY `fk_eintrag` (`fk_eintrag`);

--
-- Indizes für die Tabelle `vorstand`
--
ALTER TABLE `vorstand`
  ADD PRIMARY KEY (`id`),
  ADD UNIQUE KEY `funktion` (`funktion`),
  ADD KEY `fk_mitglied` (`fk_mitglied`);

--
-- AUTO_INCREMENT für exportierte Tabellen
--

--
-- AUTO_INCREMENT für Tabelle `agenda`
--
ALTER TABLE `agenda`
  MODIFY `id` int(4) UNSIGNED NOT NULL AUTO_INCREMENT, AUTO_INCREMENT=76;
--
-- AUTO_INCREMENT für Tabelle `bild`
--
ALTER TABLE `bild`
  MODIFY `id` int(4) UNSIGNED NOT NULL AUTO_INCREMENT, AUTO_INCREMENT=1542;
--
-- AUTO_INCREMENT für Tabelle `fototermin`
--
ALTER TABLE `fototermin`
  MODIFY `id` int(4) UNSIGNED NOT NULL AUTO_INCREMENT, AUTO_INCREMENT=6;
--
-- AUTO_INCREMENT für Tabelle `fototermin_mitglied`
--
ALTER TABLE `fototermin_mitglied`
  MODIFY `id` int(4) UNSIGNED NOT NULL AUTO_INCREMENT, AUTO_INCREMENT=44;
--
-- AUTO_INCREMENT für Tabelle `galerie`
--
ALTER TABLE `galerie`
  MODIFY `id` int(4) UNSIGNED NOT NULL AUTO_INCREMENT, AUTO_INCREMENT=66;
--
-- AUTO_INCREMENT für Tabelle `instrument`
--
ALTER TABLE `instrument`
  MODIFY `id` int(4) UNSIGNED NOT NULL AUTO_INCREMENT, AUTO_INCREMENT=9;
--
-- AUTO_INCREMENT für Tabelle `mitglied`
--
ALTER TABLE `mitglied`
  MODIFY `id` int(4) UNSIGNED NOT NULL AUTO_INCREMENT, AUTO_INCREMENT=62;
--
-- AUTO_INCREMENT für Tabelle `mitgliederportrait_antwort`
--
ALTER TABLE `mitgliederportrait_antwort`
  MODIFY `id` int(4) UNSIGNED NOT NULL AUTO_INCREMENT, AUTO_INCREMENT=471;
--
-- AUTO_INCREMENT für Tabelle `mitgliederportrait_frage`
--
ALTER TABLE `mitgliederportrait_frage`
  MODIFY `id` int(4) UNSIGNED NOT NULL AUTO_INCREMENT, AUTO_INCREMENT=11;
--
-- AUTO_INCREMENT für Tabelle `saison`
--
ALTER TABLE `saison`
  MODIFY `id` int(4) UNSIGNED NOT NULL AUTO_INCREMENT, AUTO_INCREMENT=3;
--
-- AUTO_INCREMENT für Tabelle `status`
--
ALTER TABLE `status`
  MODIFY `id` int(4) UNSIGNED NOT NULL AUTO_INCREMENT, AUTO_INCREMENT=5;
--
-- AUTO_INCREMENT für Tabelle `umfrage`
--
ALTER TABLE `umfrage`
  MODIFY `id` int(4) UNSIGNED NOT NULL AUTO_INCREMENT, AUTO_INCREMENT=8;
--
-- AUTO_INCREMENT für Tabelle `umfrage_eintrag`
--
ALTER TABLE `umfrage_eintrag`
  MODIFY `id` int(4) UNSIGNED NOT NULL AUTO_INCREMENT, AUTO_INCREMENT=22;
--
-- AUTO_INCREMENT für Tabelle `umfrage_nomination`
--
ALTER TABLE `umfrage_nomination`
  MODIFY `id` int(4) UNSIGNED NOT NULL AUTO_INCREMENT, AUTO_INCREMENT=26;
--
-- AUTO_INCREMENT für Tabelle `umfrage_nomination_zeit`
--
ALTER TABLE `umfrage_nomination_zeit`
  MODIFY `id` int(4) UNSIGNED NOT NULL AUTO_INCREMENT, AUTO_INCREMENT=8;
--
-- AUTO_INCREMENT für Tabelle `umfrage_stimme`
--
ALTER TABLE `umfrage_stimme`
  MODIFY `id` int(4) UNSIGNED NOT NULL AUTO_INCREMENT, AUTO_INCREMENT=1171;
--
-- AUTO_INCREMENT für Tabelle `vorstand`
--
ALTER TABLE `vorstand`
  MODIFY `id` int(4) UNSIGNED NOT NULL AUTO_INCREMENT, AUTO_INCREMENT=6;
--
-- Constraints der exportierten Tabellen
--

--
-- Constraints der Tabelle `fototermin_mitglied`
--
ALTER TABLE `fototermin_mitglied`
  ADD CONSTRAINT `fototermin_mitglied_ibfk_1` FOREIGN KEY (`fk_termin`) REFERENCES `fototermin` (`id`) ON DELETE SET NULL ON UPDATE CASCADE,
  ADD CONSTRAINT `fototermin_mitglied_ibfk_2` FOREIGN KEY (`fk_mitglied`) REFERENCES `mitglied` (`id`) ON DELETE SET NULL ON UPDATE CASCADE;

--
-- Constraints der Tabelle `mitglied`
--
ALTER TABLE `mitglied`
  ADD CONSTRAINT `mitglied_ibfk_1` FOREIGN KEY (`fk_instrument`) REFERENCES `instrument` (`id`) ON DELETE SET NULL ON UPDATE CASCADE;

--
-- Constraints der Tabelle `mitgliederportrait_antwort`
--
ALTER TABLE `mitgliederportrait_antwort`
  ADD CONSTRAINT `mitgliederportrait_antwort_ibfk_1` FOREIGN KEY (`fk_frage`) REFERENCES `mitgliederportrait_frage` (`id`) ON DELETE SET NULL ON UPDATE CASCADE,
  ADD CONSTRAINT `mitgliederportrait_antwort_ibfk_2` FOREIGN KEY (`fk_mitglied`) REFERENCES `mitglied` (`id`) ON DELETE SET NULL ON UPDATE CASCADE;

--
-- Constraints der Tabelle `mitgliederportrait_frage`
--
ALTER TABLE `mitgliederportrait_frage`
  ADD CONSTRAINT `mitgliederportrait_frage_ibfk_1` FOREIGN KEY (`fk_saison`) REFERENCES `saison` (`id`) ON DELETE SET NULL ON UPDATE CASCADE;

--
-- Constraints der Tabelle `umfrage_nomination`
--
ALTER TABLE `umfrage_nomination`
  ADD CONSTRAINT `umfrage_nomination_ibfk_1` FOREIGN KEY (`fk_umfrage`) REFERENCES `umfrage` (`id`) ON UPDATE CASCADE,
  ADD CONSTRAINT `umfrage_nomination_ibfk_2` FOREIGN KEY (`fk_mitglied`) REFERENCES `mitglied` (`id`) ON UPDATE CASCADE;

--
-- Constraints der Tabelle `umfrage_nomination_zeit`
--
ALTER TABLE `umfrage_nomination_zeit`
  ADD CONSTRAINT `umfrage_nomination_zeit_ibfk_1` FOREIGN KEY (`fk_umfrage`) REFERENCES `umfrage` (`id`) ON UPDATE CASCADE;

--
-- Constraints der Tabelle `umfrage_stimme`
--
ALTER TABLE `umfrage_stimme`
  ADD CONSTRAINT `umfrage_stimme_ibfk_1` FOREIGN KEY (`fk_eintrag`) REFERENCES `umfrage_eintrag` (`id`) ON UPDATE CASCADE;

--
-- Constraints der Tabelle `vorstand`
--
ALTER TABLE `vorstand`
  ADD CONSTRAINT `vorstand_ibfk_1` FOREIGN KEY (`fk_mitglied`) REFERENCES `mitglied` (`id`) ON UPDATE CASCADE;

/*!40101 SET CHARACTER_SET_CLIENT=@OLD_CHARACTER_SET_CLIENT */;
/*!40101 SET CHARACTER_SET_RESULTS=@OLD_CHARACTER_SET_RESULTS */;
/*!40101 SET COLLATION_CONNECTION=@OLD_COLLATION_CONNECTION */;


